日期,来源,标题,作者,页数
2023-01-03,中信证券,中信证券量化策略专题研究：量化配置环境及衍生品时代创50指数投资,王兆宇，赵文荣，史周,20p
2022-12-16,中信证券,中信证券量化策略专题研究：金融期权运行特征分析与展望,王兆宇，赵文荣，赵乃乐，史周,26p
2022-11-29,中信证券,中信证券量化策略专题研究：2023年量化策略布局与配置环境,赵文荣，王兆宇，赵乃乐，史周,15p
2022-09-19,中信证券,中信证券量化策略专题研究：中证500ETF和创业板ETF期权上市的影响与机遇,王兆宇，赵文荣，赵乃乐,27p
2022-07-25,中信证券,中信证券量化策略专题研究：财务视角下的负向组合构建研究,汪洋，王兆宇，赵文荣，赵乃乐,24p
2022-07-25,中信证券,中信证券量化策略专题研究：行为视角下的量化策略有效性,赵乃乐,38p
2022-07-22,中信证券,中信证券量化策略专题研究：中证1000新机遇，A股衍生品新里程,王兆宇，赵文荣，赵乃乐，汪洋,22p
2022-07-15,中信证券,中信证券量化策略专题研究：AH国企价值策略研究,汪洋，王兆宇，赵文荣，赵乃乐,17p
2022-06-09,中信证券,中信证券量化策略专题研究：量化视角下的市场风格分析,王兆宇，赵文荣，赵乃乐，汪洋,13p
2022-05-18,中信证券,中信证券量化策略专题研究：量化因子体系的改进及在财富管理中的应用,王兆宇,24p
2022-04-27,中信证券,中信证券量化策略专题研究：量化视角下的风格、行业运行逻辑及配置展望,赵乃乐，赵文荣，王兆宇,27p
2022-01-06,中信证券,中信证券量化策略专题研究：量化视角的市场策略分析及ETF工具实践,王兆宇,21p
2021-11-29,中信证券,中信证券量化策略专题研究：重仓优选视角下的主动权益基金业绩增强策略,赵乃乐，王兆宇，赵文荣，马普凡，汪洋,16p
2021-11-10,中信证券,中信证券量化策略专题研究：指数化投资时代的量化策略,王兆宇,14p
2021-11-02,中信证券,中信证券量化策略专题研究：重仓优选视角下的权益基金业绩增强策略,赵乃乐,20p
2021-09-06,中信证券,中信证券量化策略专题研究：中低频量化增强模型框架及运行分析,赵乃乐,17p
2021-05-20,中信证券,中信证券量化策略专题研究：财务视角下的负向组合构建研究,王兆宇，赵文荣，马普凡，张依文，赵乃乐,17p
2021-05-20,中信证券,中信证券量化策略专题研究：寻找业绩预期未被透支的黑马股,赵乃乐，王兆宇，赵文荣，马普凡，张依文,20p
2021-05-16,中信证券,中信证券量化策略专题研究：行业主题工具与行业配置策略,王兆宇,34p
2021-04-14,中信证券,中信证券量化策略专题研究：财务视角下的负向组合构建研究,王兆宇，赵文荣，马普凡，张依文,21p
2021-04-14,中信证券,中信证券量化策略专题研究：寻找业绩预期未被透支的黑马股,王兆宇，赵文荣，马普凡，张依文,30p
2021-04-12,中信证券,中信证券量化策略专题研究：量化视角下的市场风格分析,王兆宇,21p
2021-04-01,中信证券,中信证券量化策略专题研究：浅谈因子投资及其在A股的实践,王兆宇,18p
2021-01-11,中信证券,中信证券量化策略专题研究：量化行业配置模型体系及最新观点,,33p
2020-12-29,中信证券,中信证券量化策略专题研究：权益基金重仓股特征及选股信号,唐栋国，赵文荣，刘方，顾晟曦，陈朝棕,20p
2020-11-04,中信证券,中信证券量化策略专题研究：AH溢价因素的分析与策略应用,王兆宇，赵文荣，马普凡，张依文,23p
2020-10-15,中信证券,中信证券量化策略专题研究：AH溢价因素的分析与策略应用,王兆宇，赵文荣，马普凡，张依文,21p
2020-09-21,中信证券,中信证券量化策略专题研究：解析北向资金持仓行为中的行业配置信号,赵文荣，刘方，顾晟曦,19p
2020-09-20,中信证券,中信证券量化策略专题研究：重审基本面量化策略,王兆宇,15p
2020-08-09,中信证券,中信证券量化策略专题研究：二次淘金，深挖研报前瞻信息的Alpha,赵文荣，王兆宇，马普凡，张依文，顾晟曦,23p
2020-08-09,中信证券,中信证券量化策略专题研究：新闻舆情智能分析及其投资应用,王兆宇,28p
2020-08-06,中信证券,中信证券量化策略专题研究：解析新闻情绪指标的应用价值,王兆宇，赵文荣，马普凡，张依文,23p
2020-06-02,中信证券,中信证券量化策略专题研究：量化新闻情绪，把握投资先机,王兆宇，赵文荣，马普凡，张依文,21p
2020-04-09,中信证券,中信证券量化策略专题研究：顺势而为，行业趋势配置模型研究,赵文荣，刘方，王兆宇,29p
2020-03-25,中信证券,中信证券量化策略专题研究：公募持仓视角下的行业配置策略,赵文荣，刘方，王兆宇，顾晟曦,17p
2020-02-05,中信证券,中信证券量化策略专题研究：机器学习在量化投资中的应用探讨,王兆宇，赵文荣，张依文，刘方，厉海强,22p
2020-01-09,中信证券,中信证券量化策略专题研究：以史为鉴，可知兴替，模式识别视角的行业轮动策略,王兆宇，赵文荣，张依文，刘方，厉海强,21p
2019-10-29,中信证券,中信证券量化策略专题研究：业绩、估值与行业轮动,王兆宇，赵文荣，张依文，刘方，厉海强,21p
2015-04-13,中信证券,中信证券量化策略专题研究：中小盘风险加剧，中证500期货对冲助定增限售股锁定收益,李祖苑，王兆宇，提云涛,11p
2023-02-17,中信证券,中信证券基本面量化系列：线下消费专题，线下客流稳步回暖，关注新消费供需新格局,张若海，汤可欣，王博隆,22p
2023-02-02,中信证券,中信证券基本面量化系列：房地产开发专题，地产开发专题，供需结构变换，行业格局重塑,张若海，陈聪，张全国，王博隆，汤可欣,18p
2022-09-26,中信证券,中信证券基本面量化系列行业景气度定期跟踪报告：高景气行业延续，低估值改善赛道值得关注,张若海，汤可欣，张强，王博隆,19p
2022-07-26,中信证券,中信证券基本面量化系列：碳中和能源侧基本面因子探索与量化,张若海,25p
2022-07-26,中信证券,中信证券基本面量化系列：挖掘基本面有效因子，探索行业视角量化投资,张若海,27p
2022-06-22,中信证券,中信证券基本面量化系列：行业景气度定期跟踪报告，Q2稳增长结构性改善，关注高景气中期边际提升,张若海，汤可欣，张强，王博隆,18p
2022-01-27,中信证券,中信证券基本面量化系列：行业景气度定期跟踪报告，岁末整体营收景气偏弱，细分资源行业边际保持向上,张若海，汤可欣,27p
2021-11-03,中信证券,中信证券量化基本面系列：碳中和热点专题，顶层政策布局叠加用电结构需求，风电储能长期向好已成大势,张若海,17p
2023-02-02,中信证券,中信证券基本面量化中观配置系列：政策红利逐步落地消费与地产复苏，科技产业与电新持续回暖,张若海，伍家豪,23p
2023-01-16,中信证券,中信证券基本面量化中观配置系列：因子挖掘专题，聚焦头部机构调研信号，创新挖掘高投资收益因子,张若海，伍家豪,30p
2022-09-22,中信证券,中信证券基本面量化中观配置系列：因子挖掘专题，机构行为，调研数据挖掘市场“风向标”,张若海，伍家豪,21p
2022-08-30,中信证券,中信证券基本面量化中观配置系列：短期风格转向传统能源与安全主线，关注科技产业与房地产边际向好,张若海,13p
2022-06-08,中信证券,中信证券多因子量化选股系列专题研究：因子离散化股票多因子风险模型,王兆宇，赵文荣，赵乃乐，汪洋,22p
2022-05-18,中信证券,中信证券多因子量化选股系列专题研究：基于深度学习的因子优化研究,汪洋,26p
2021-11-23,中信证券,中信证券多因子量化选股系列专题研究：破局低信噪比，基于深度学习的因子优化研究,汪洋，王兆宇，赵文荣，马普凡，赵乃乐,14p
2020-12-31,中信证券,中信证券多因子量化选股系列专题研究：结合日内分时特征的量价增强模型研究,王兆宇，赵文荣，马普凡，张依文,22p
2020-09-18,中信证券,中信证券多因子量化选股系列专题研究：结构行情下沪深300增强策略改进方法研究,王兆宇，赵文荣，马普凡，张依文,30p
2019-06-12,中信证券,中信证券多因子量化选股系列专题研究：价值与成长视角下的风格切换逻辑,王兆宇，赵文荣，张依文，顾晟曦，厉海强,23p
2018-10-15,中信证券,中信证券多因子量化选股系列专题研究：质量因子的构建方式与配置逻辑探究,王兆宇，赵文荣，张依文，顾晟曦,33p
2018-04-24,中信证券,中信证券多因子量化选股系列专题研究：多因子模型体系的应用方向探讨,王兆宇，赵文荣，李祖苑，张依文，顾晟曦,23p
2018-03-07,中信证券,中信证券多因子量化选股系列专题研究：价值与成长维度的多因子选股逻辑,王兆宇，赵文荣，李祖苑，张依文,25p
2018-02-28,中信证券,中信证券多因子量化选股系列专题研究：关于多因子模型构建方法实用性的理论探讨,王兆宇，赵文荣，李祖苑，张依文,9p
2018-02-09,中信证券,中信证券多因子量化选股系列专题研究：因子定价逻辑与多因子跟踪体系的构建,王兆宇，赵文荣，李祖苑，张依文,22p
2017-12-18,中信证券,中信证券多因子量化选股系列专题研究：价值与成长投资逻辑在多因子模型中的应用,王兆宇，赵文荣，李祖苑，张依文,37p
2017-11-17,中信证券,中信证券多因子量化选股系列专题研究：多因子模型构建中的组合优化与风险预算研究,王兆宇，赵文荣，李祖苑，张依文,19p
2023-02-15,中金公司,中金公司量化配置系列（12）：宏观数据建模应用手册,宋唯实，周萧潇，刘均伟，王汉锋,32p
2022-12-22,中金公司,中金公司量化配置系列（11）：左侧择时在商品、可转债及港股中的应用,宋唯实，周萧潇，刘均伟，王汉锋,54p
2022-07-05,中金公司,中金公司量化配置系列（9）：左侧择时在债券市场是否依然有效？,宋唯实，周萧潇，刘均伟，王汉锋,46p
2022-04-08,中金公司,中金公司量化配置系列（8）：先发制人，A股左侧择时指标探讨,宋唯实，周萧潇，刘均伟，王汉锋,48p
2021-11-28,中金公司,中金公司量化配置系列（7）：捕捉经济预期差，顺势配置资产,宋唯实，周萧潇，刘均伟，王汉锋,28p
2021-08-23,中金公司,中金公司量化配置系列（6）：股市宏观驱动力轮动，经济增长or流动性？,宋唯实，周萧潇，刘均伟，王汉锋,27p
2021-07-15,中金公司,中金公司量化配置系列（5）：如何从策略分析观点中捕捉左侧机会,宋唯实，周萧潇，刘均伟，王汉锋,27p
2021-05-05,中金公司,中金公司量化配置系列（4）：资产宏观流动性驱动指数及其应用,刘均伟，王汉锋,27p
2021-02-05,中金公司,中金公司量化配置系列（3）：巧识尾部相关性，规避组合系统性风险,刘均伟，王汉锋,22p
2020-12-16,中金公司,中金公司量化配置系列（1）：量化配置框架及其在战略配置中的应用,刘均伟，王浩，王汉锋,20p
2023-01-29,中金公司,中金公司量化多因子系列（10）：港股因子初探,陈宜筠，周萧潇，刘均伟，王汉锋,62p
2022-08-28,中金公司,中金公司量化多因子系列（9）：宽基指数增强2.0体系,周萧潇，刘均伟，古翔，王汉锋,23p
2022-08-24,中金公司,中金公司量化多因子系列（8）：供应链如何实现动量传导？,古翔，曹钰婕，周萧潇，刘均伟，王汉锋,32p
2022-08-06,中金公司,中金公司量化多因子系列（7）：价量因子手册,古翔，周萧潇，刘均伟，王汉锋,56p
2022-06-04,中金公司,中金公司A股市场：量化多因子系列（6），关于动量，你所希望了解的那些事,胡骥聪，周萧潇，刘均伟，王汉锋,30p
2022-04-26,中金公司,中金公司量化多因子系列（5）：基本面因子手册,周萧潇，古翔，刘均伟，王汉锋,67p
2021-06-15,中金公司,中金公司量化多因子系列（4）：风格轮动模型与主动&被动量化产品的结合,周萧潇，古翔，刘均伟，王汉锋,21p
2021-05-15,中金公司,中金公司量化多因子系列（3）：如何捕捉成长与价值的风格轮动？,周萧潇，刘均伟，王汉锋,24p
2021-02-28,中金公司,中金公司量化多因子系列（2）：非线性假设下的情景分析因子模型,周萧潇，刘均伟，王汉锋,24p
2021-01-15,中金公司,中金公司量化多因子系列（1）：QQC综合质量因子与指数增强应用,刘均伟，王汉锋,24p
2022-12-17,中金公司,中金公司基本面量化系列（9）：机构调研行为是否存在alpha？,古翔，曹钰婕，周萧潇，刘均伟，王汉锋,31p
2022-12-15,中金公司,中金公司基本面量化系列（8）：四象限风格内应如何选股？,古翔，周萧潇，刘均伟，王汉锋,47p
2022-02-28,中金公司,中金公司基本面量化系列（7）：如何提高预期修正信息的利用效率？,古翔，周萧潇，刘均伟，王汉锋,30p
2021-08-11,中金公司,中金公司基本面量化系列（6）：融资成本上行对上市公司有什么影响,古翔，周萧潇，刘均伟，王汉锋,25p
2021-04-20,中金公司,中金公司基本面量化系列（4）：精确刻画业绩的加速增长趋势,古翔，周萧潇，刘均伟，王汉锋,12p
2021-02-19,中金公司,中金公司基本面量化系列（3）：业绩成长是否具有延续性,古翔，刘均伟，王汉锋,26p
2021-01-10,中金公司,中金公司基本面量化系列（1）：如何看待价值股的“价值”,刘均伟，王汉锋,18p
2018-07-16,中金公司,中金公司基本面量化系列（2）：以优选龙头组合为基础的综合解决方案,耿帅军，王浩，王汉锋,19p
2018-01-29,中金公司,中金公司基本面量化系列（1）：把握经济发展趋势，量化优选龙头组合,耿帅军，王浩，王汉锋,14p
2022-02-28,中金公司,【行业培训·中金金工】中金量化研究框架（5）：基本面量化,,
2022-02-28,中金公司,【行业培训·中金金工】中金量化研究框架（4）：多因子,,
2022-02-28,中金公司,【行业培训·中金金工】中金量化研究框架（3）：行业轮动,,
2022-02-28,中金公司,【行业培训·中金金工】中金量化研究框架（2）：风格轮动,,
2022-02-28,中金公司,【行业培训·中金金工】中金量化研究框架（1）：资产配置,,
2022-12-22,中信证券,中信证券资产配置专题系列之十七：海外养老金视角下的ESG投资，配置框架、投资执行与绩效评估,刘方，赵文荣，顾晟曦，史丰源，唐栋国,34p
2022-03-25,中信证券,中信证券资产配置专题系列之十六：养老理财收益平滑机制的参数设计与绩效分析,刘笑天，刘方，赵文荣，顾晟曦，唐栋国,23p
2021-10-28,中信证券,中信证券资产配置专题系列之十五：定制化财富配置方案设计，以养老场景为例,刘笑天,27p
2021-07-20,中信证券,中信证券资产配置专题系列之十五：定制化财富配置方案设计，以养老场景为例,刘笑天，赵文荣，刘方，顾晟曦，唐栋国,22p
2021-04-02,中信证券,中信证券资产配置专题系列之十四：巧借东风，利用一致预期改善宏观因子预测,陈朝棕，赵文荣，刘方，顾晟曦，唐栋国,21p
2020-11-06,中信证券,中信证券资产配置专题系列：FOF思维下的资产配置,赵文荣,32p
2020-11-02,中信证券,中信证券资产配置专题系列：大类资产趋势配置模型研究,赵文荣，刘方，王兆宇,28p
2020-07-22,中信证券,中信证券资产配置专题系列之十三：基金定投策略在财富管理中的应用,赵文荣，刘方，顾晟曦,29p
2020-05-20,中信证券,中信证券资产配置专题系列之十二：BL模型的改进与应用探讨,赵文荣，刘方，顾晟曦,25p
2020-05-15,中信证券,中信证券资产配置专题系列之十一：分类定位样本基金，监测行业、风格持仓变化,赵文荣，刘方，顾晟曦，姜鹏,15p
2020-01-09,中信证券,中信证券资产配置专题系列之十：目标日期基金，养老型基金产品的开路先锋,赵文荣，刘方，王兆宇，厉海强,32p
2019-12-06,中信证券,中信证券资产配置专题系列：资产配置的模型化探索,刘方,28p
2019-11-29,中信证券,中信证券资产配置专题系列之八：公募基金仓位测算方法及实证检验,赵文荣，王兆宇，刘方，姜鹏，厉海强,22p
2019-10-30,中信证券,中信证券资产配置专题系列之七：从战略到战术，自上而下构建股债配置组合,赵文荣，刘方，王兆宇，厉海强，张依文,30p
2019-08-19,中信证券,中信证券资产配置专题系列之六：配置型产品布局与展望，以银行理财产品为例,刘方，赵文荣，王兆宇，张依文，厉海强,11p
2019-08-13,中信证券,中信证券#【资产配置专题系列之五】时变是守:TIPP组合保险策略实践探讨,爱期权,
2019-08-09,中信证券,中信证券资产配置专题系列之五：时变是守，TIPP组合保险策略实践探讨,赵文荣，刘方，王兆宇，张依文，顾晟曦,38p
2019-06-13,中信证券,中信证券资产配置专题系列之四：资产配置再平衡的原理及实践,刘方，赵文荣，厉海强，王兆宇，王宇鹏,15p
2019-06-05,中信证券,中信证券资产配置专题系列之三：从挪威模式看大型机构投资者的配置经验,刘方，赵文荣，厉海强，王兆宇，王宇鹏,16p
2019-04-18,中信证券,中信证券资产配置专题系列之二：宏观因子视角下的资产轮动，增长、通胀和剩余流动性,赵文荣，刘方，王宇鹏，王兆宇，张依文,30p
2022-10-22,中信证券,中信证券机器学习系列——数据治理专题：立足数据标准化框架，挖掘基本面量化通用指标,张若海，伍家豪,24p
2023-02-19,中信建投,中信建投金融产品深度：利用多事件融合信息改进指数增强组合,王西之，陈升锐,40p
2022-12-22,中信建投,中信建投金融工程深度：宏观因子构造及应用指南,丁鲁明，段潇儒,30p
2022-10-28,中信建投,中信建投金融产品深度报告：流动性因子系统解读与再增强,陈升锐,21p
2022-10-15,中信建投,中信建投金融产品深度报告：分析师文本预增选股策略,陈升锐,33p
2022-09-25,中信建投,中信建投量化策略深度：债券基金因子模型,鲁植宸，徐建华，王宏,54p
2022-04-18,中信建投,中信建投因子深度研究系列：券商金股组合深度解析及分析师因子再增强,陈升锐，丁鲁明,27p
2021-08-05,中信建投,中信建投因子深度研究系列：分析师预期调整事件增强选股策略全攻略,陈升锐，丁鲁明,32p
2021-07-08,中信建投,中信建投因子深度研究系列：多层次订单失衡及订单斜率因子,陈升锐，丁鲁明,17p
2021-01-29,中信建投,中信建投金融工程研究因子深度研究系列：高频订单失衡及价差因子,陈升锐，丁鲁明,23p
2020-10-23,中信建投,中信建投因子深度研究系列：买卖报单流动性因子构建,丁鲁明，陈升锐,20p
2020-07-10,中信建投,中信建投因子深度研究系列：高频量价选股因子初探,丁鲁明，陈升锐,18p
2020-04-02,中信建投,中信建投因子深度研究系列：分析师超预期因子选股策略,丁鲁明，陈升锐,24p
2020-01-17,中信建投,中信建投因子深度研究系列：分析师预期修正动量效应选股策略,丁鲁明，陈升锐,37p
2019-08-21,中信建投,中信建投因子深度研究系列：一致预期因子体系搭建,丁鲁明，陈升锐,32p
2019-07-31,中信建投,中信建投金融工程深度研究报告：因子估值在A股市场是否有效？从因子估值到因子换手率的因子择时,丁鲁明，胡一江,29p
2019-03-28,中信建投,中信建投因子深度研究系列：因子衰减在多因子选股中的应用,丁鲁明，陈升锐,27p
2019-01-31,中信建投,中信建投量化基本面深度专题：如何提前预测商誉减值大拐点？,丁鲁明，郭彦辉,17p
2019-01-15,中信建投,中信建投因子深度研究系列：市值因子择时,丁鲁明，胡一江,17p
2018-08-30,中信建投,中信建投因子深度研究系列：Barra风险模型介绍及与中信建投选股体系的比较,丁鲁明，陈升锐,35p
2018-06-08,中信建投,中信建投因子深度研究系列：宏观变量控制下的有效因子轮动,丁鲁明,23p
2018-05-18,中信建投,中信建投因子深度研究系列：特质波动率纯因子组合在A股的实证与研究,丁鲁明，喻银尤,22p
2017-10-20,中信建投,中信建投大数据研究之五：大数据、机器学习、深度学习在投资领域应用的方法论概述（2017-10-18）,丁鲁明，喻银尤,27p
2017-10-18,中信建投,中信建投大数据研究之五：大数据、机器学习、深度学习在投资领域应用的方法论概述,丁鲁明，喻银尤,27p
2017-08-03,中信建投,中信建投金融工程研究：深度解析Hurst模型的打开方式,丁鲁明，王赟杰,20p
2016-08-03,中信建投,中信建投金融工程深度报告：高管增持事件选股，追踪真正的聪明钱,丁鲁明,17p
2023-02-17,中信建投,中信建投“逐鹿”Alpha专题报告（十三）：基于openFE的基本面因子挖掘框架,丁鲁明，王超,15p
2022-12-14,中信建投,中信建投“逐鹿”Alpha专题报告（十二）：AlphaZero，基于AutoML-Zero的高频数据低频化因子挖掘框架,丁鲁明，王超,22p
2022-09-18,中信建投,中信建投“逐鹿”Alpha专题报告（十一）：基于限价订单簿数据的DEEPLOB模型,丁鲁明，王超,23p
2022-07-08,中信建投,中信建投“逐鹿”Alpha 专题报告（十）：光伏行业因子投资框架，如何构建光伏行业指数增强策略？,丁鲁明，王超,16p
2022-05-24,中信建投,中信建投：“逐鹿”Alpha专题报告（九）：基于QLIB ALPHA360的Temporal Fusion Transformer选股模型,丁鲁明，王超,26p
2021-12-08,中信建投,中信建投“逐鹿”Alpha专题报告（八）：北向机构持仓深入挖掘,丁鲁明，王超,23p
2019-11-26,中信建投,中信建投负alpha专题系列二：基于公告数据构建负面清单,丁鲁明，郭彦辉,30p
2019-09-03,中信建投,中信建投金融工程专题2019年秋季投资策略报告：量化选股的探索之路,丁鲁明，陈元骅，陈升锐，段潇儒，胡一江,37p
2019-08-15,中信建投,中信建投负alpha专题系列一：如何从财务角度构建负面清单？,丁鲁明，郭彦辉,17p
2019-01-31,中信建投,中信建投量化基本面深度专题：如何提前预测商誉减值大拐点？,丁鲁明，郭彦辉,17p
2018-04-16,中信建投,中信建投金融工程专题以螺纹钢期货为例：持仓信息的潘多拉魔盒,丁鲁明，王赟杰,20p
2017-12-11,中信建投,中信建投金融工程专题：可转债发行详解，从前世今生到投资机会,丁鲁明,20p
2017-11-14,中信建投,中信建投金融工程专题：如何正确理解近期热度极高的低波动率因子,丁鲁明,18p
2017-01-27,中信建投,中信建投金融工程专题报告：2016年，A股收益从何处来？又向何处去？,丁鲁明,19p
2016-08-26,中信建投,中信建投金融工程专题：量化视角下的缠论初步解析,丁鲁明,24p
2016-01-11,中信建投,中信建投衍生品系列专题报告之一：2015年衍生品市场政策总结及交易策略,丁鲁明,22p
2018-08-29,中信建投,中信建投“基本面量化”系列思考之八：美债期限利差倒挂意味着经济危机来临？,丁鲁明，赵然,13p
2018-07-16,中信建投,中信建投“基本面量化”系列思考之七大类资产配置7月报：美股的派对结束了吗？,丁鲁明，赵然,12p
2018-05-10,中信建投,中信建投基本面量化系列研究之十：量化视角看库存周期下大类板块的择时策略,丁鲁明，段伟良,22p
2018-04-23,中信建投,中信建投“基本面量化”系列思考之六：各板块业绩预告历史上偏离实际值有多大？,丁鲁明，段伟良,27p
2018-04-18,中信建投,中信建投“基本面量化”系列思考之五：贸易战升级，投资时钟还靠谱吗？,丁鲁明，赵然,20p
2018-03-08,中信建投,中信建投“基本面量化”系列思考之四：资产价格反映了多少经济预期？,丁鲁明,22p
2018-03-06,中信建投,中信建投“基本面量化”系列思考之三：行业配置获取超额收益的难度到底多大？,丁鲁明,27p
2018-02-09,中信建投,中信建投“基本面量化”系列思考之二：基本面、通胀预期和加息节奏谁跑的更快？,丁鲁明,17p
2018-02-08,中信建投,中信建投基本面量化系列研究之九：宏观经济指标在风格配置中的运用,丁鲁明,16p
2018-01-30,中信建投,中信建投“行业基本面量化”系列思考之一：ROE&PB在行业配置中真的有效吗？,丁鲁明,27p
2017-11-06,中信建投,中信建投行业基本面量化系列研究跟踪：2017Q3消费板块基本面量化跟踪点评,丁鲁明,11p
2017-09-26,中信建投,中信建投基本面量化系列研究之八：周期行业基本面量化之钢铁篇,丁鲁明，段伟良,23p
2016-08-09,中信建投,中信建投量化基本面系列研究之六：“量化基本面”理论体系及通信行业案例,丁鲁明,28p
2016-06-23,中信建投,中信建投基本面量化系列之五：再谈美林时钟模型在中美市场的有效性，投资时钟指路，量化大类资产轮动破局,丁鲁明,25p
2016-05-31,中信建投,中信建投基本面量化系列之四：美国道指市盈率估计模型，量化全球大类资产配置体系,丁鲁明,32p
2016-04-20,中信建投,中信建投板块轮动基本面量化系列之三：“量化基本面”理论体系及农林牧渔行业案例,丁鲁明,30p
2020-06-10,中信建投,中信建投行为金融学实证研究系列：前景理论因子的选股能力,丁鲁明，胡一江,25p
2019-06-24,中信建投,中信建投矿海拾趣（第6期）：金融工程海外文献精选推荐,丁鲁明，胡一江,10p
2018-09-17,中信建投,中信建投金融工程海外文献精选推荐矿海拾趣（第6期）（2018-09-17）,丁鲁明,11p
2018-08-16,中信建投,中信建投金融工程海外文献精选推荐矿海拾趣（第5期）（2018-08-16）,丁鲁明,11p
2018-06-07,中信建投,中信建投金融工程海外文献精选推荐矿海拾趣（第4期）（2018-06-07）,丁鲁明,14p
2018-05-11,中信建投,中信建投金融工程海外文献精选推荐矿海拾趣（第3期）（2018-05-11）,丁鲁明,15p
2018-03-29,中信建投,中信建投金融工程海外文献精选推荐矿海拾趣（第2期）（2018-03-29）,丁鲁明,15p
2018-03-05,中信建投,中信建投金融工程海外文献推荐系列之一：矿海拾趣,丁鲁明,17p
2018-01-12,中信建投,中信建投温故知新系列（一）：传统回归模型比较之OLS、RIDGE、ENET、LASSO、SCAD、MCP、分位数回归,丁鲁明,24p
2017-11-03,中信建投,中信建投事件驱动策略跟踪系列研究：白马行情下，2017高送转股票如何去选？,丁鲁明，段伟良,6p
2017-08-02,中信建投,中信建投宏观事件驱动研究之美联储加息缩表：以史为鉴，美联储历次议息会议结果及影响,丁鲁明,25p
2016-02-22,中信建投,中信建投并购主题量化研究系列跟踪：股价大跌后的外延扩张实施意愿定量分析,丁鲁明,7p
2016-01-09,中信建投,中信建投并购主题量化研究系列之一：外延扩张主导市场，创业板必劫后重生,丁鲁明,13p
2018-03-08,中信建投,中信建投大数据人工智能研究之七：零基础python代码策略模型实战,丁鲁明，喻银尤,36p
2018-02-02,中信建投,中信建投大数据人工智能研究之六：机器学习因子有效性分析,丁鲁明，喻银尤,22p
2017-10-20,中信建投,中信建投大数据研究之五：大数据、机器学习、深度学习在投资领域应用的方法论概述（2017-10-18）,丁鲁明，喻银尤,27p
2017-10-18,中信建投,中信建投大数据研究之五：大数据、机器学习、深度学习在投资领域应用的方法论概述,丁鲁明，喻银尤,27p
2017-08-16,中信建投,中信建投大数据研究之四：基于新闻热度的周期、成长、消费风格轮动配置,丁鲁明，喻银尤,15p
2017-03-09,中信建投,中信建投大数据研究之三：新闻情绪选股的多空差策略,丁鲁明，喻银尤,19p
2017-03-03,中信建投,中信建投大数据研究之指标构建：机器学习之贝叶斯文本分类算法的实现,丁鲁明，喻银尤,22p
2016-10-12,中信建投,中信建投大数据研究体系之择时篇：基于新闻热度的多空策略,丁鲁明，喻银尤,16p
2022-09-20,中信建投,中信建投金融工程跟踪：家电行业量化基本面择时策略研究,丁鲁明，段潇儒,55p
2022-08-22,中信建投,中信建投量化择时策略第四期：基于行业景气度和拥挤度的轮动策略,陈果，徐建华,27p
2022-06-22,中信建投,中信建投量化择时策略第三期：美国通胀归因分析-宏观对冲策略,陈果，徐建华,23p
2022-04-26,中信建投,中信建投量化择时策略第一期：基于历史波动率和VIX指数的择时研究,陈果，徐建华,26p
2018-05-10,中信建投,中信建投基本面量化系列研究之十：量化视角看库存周期下大类板块的择时策略,丁鲁明，段伟良,22p
2016-12-27,中信建投,中信建投金融工程跟踪：预计市场调整将继续，择时策略净值再创历史新高,丁鲁明,10p
2023-02-17,中信建投,中信建投“逐鹿”Alpha专题报告（十三）：基于openFE的基本面因子挖掘框架,丁鲁明，王超,15p
2022-12-14,中信建投,中信建投“逐鹿”Alpha专题报告（十二）：AlphaZero，基于AutoML-Zero的高频数据低频化因子挖掘框架,丁鲁明，王超,22p
2022-09-18,中信建投,中信建投“逐鹿”Alpha专题报告（十一）：基于限价订单簿数据的DEEPLOB模型,丁鲁明，王超,23p
2022-07-08,中信建投,中信建投“逐鹿”Alpha 专题报告（十）：光伏行业因子投资框架，如何构建光伏行业指数增强策略？,丁鲁明，王超,16p
2022-05-24,中信建投,中信建投：“逐鹿”Alpha专题报告（九）：基于QLIB ALPHA360的Temporal Fusion Transformer选股模型,丁鲁明，王超,26p
2022-02-22,中信建投,中信建投“逐鹿”Alpha策略巡礼：不同类型策略过去表现如何？,丁鲁明，王超,23p
2021-12-08,中信建投,中信建投“逐鹿”Alpha专题报告（八）：北向机构持仓深入挖掘,丁鲁明，王超,23p
2023-02-09,华泰证券,华泰证券金工深度研究：利用文本和反转改进机构调研选股,林晓明，李子钰，何康,21p
2023-02-02,华泰证券,华泰证券金工深度研究：基金个股仓位测算与偏股混指数增强,林晓明，李子钰，何康,29p
2023-01-30,华泰证券,华泰证券金工深度研究：九坤Kaggle量化大赛有哪些启示？,林晓明，李子钰，何康,23p
2023-01-18,华泰证券,华泰证券金工深度研究：主动权益基金标签体系构建与分析,林晓明，张泽，刘依苇,32p
2023-01-17,华泰证券,华泰证券金工深度研究：海外增长-流动性框架与大类资产配置,林晓明,26p
2022-12-23,华泰证券,华泰证券金工深度研究：债券违约与债基踩雷概率预测方案,林晓明，张泽,25p
2022-11-18,华泰证券,华泰证券金工深度研究：个人养老金制度下的公募FOF发展,林晓明，张泽，刘依苇,34p
2022-10-27,华泰证券,华泰证券金工深度研究：NLP综述，勾勒AI语义理解的轨迹,林晓明，李子钰，何康,54p
2022-10-27,华泰证券,华泰证券金工深度研究：析精剖微，机构拆解看北向资金,林晓明，何康,38p
2022-10-26,华泰证券,华泰证券金工深度研究：中国第二产业景气轮动策略,林晓明,23p
2022-10-26,华泰证券,华泰证券金工深度研究：深挖分析师共同覆盖中的关联因子,林晓明，李子钰，何康,27p
2022-10-11,华泰证券,华泰证券金工深度研究：量化如何追求模糊的正确，有序回归,林晓明，李子钰，何康,24p
2022-10-03,华泰证券,华泰证券金工深度研究：固收 基金资产配置能力分析与筛选,林晓明，刘依苇，张泽,29p
2022-09-16,华泰证券,华泰证券金工深度研究：各行业风格下的主被动基金业绩对比,林晓明，张泽，刘依苇,26p
2022-09-14,华泰证券,华泰证券金工深度研究：ESG评价体系与ESGSmartBeta,林晓明，王晨宇，何康,37p
2022-08-16,华泰证券,华泰证券金工深度研究：基金组合构建流程与场景化投资案例,林晓明，张泽，刘依苇,31p
2022-07-27,华泰证券,华泰证券金工深度研究：2022Q2中国ETF市场盘点回顾,林晓明，张泽，刘依苇,23p
2022-07-21,华泰证券,华泰证券金工深度研究：强化学习初探与DQN择时,林晓明，李子钰，何康,42p
2022-07-19,华泰证券,华泰证券金工深度研究：行业配置策略，中观景气视角（2）,林晓明,29p
2022-07-07,华泰证券,华泰证券金工深度研究：分析师共同覆盖因子和图神经网络,林晓明，李子钰，何康,31p
2022-07-01,华泰证券,华泰证券金工深度研究：人工智能57，文本FADT选股,林晓明，李子钰，何康,38p
2022-06-30,华泰证券,华泰证券金工深度研究：基于持仓刻画基金经理行业投资能力,林晓明，刘依苇，张泽,51p
2022-06-24,华泰证券,华泰证券金工深度研究：低频量化策略的胜负博弈,林晓明，陈烨，刘志成，韩晳，源洁莹,40p
2022-06-10,华泰证券,华泰证券金工深度研究：板块风格划分下的基金评价框架,林晓明，王佳星,37p
2022-06-06,华泰证券,华泰证券金工深度研究：公司治理行为与企业违规风险,林晓明，王佳星,40p
2022-05-06,华泰证券,华泰证券金工深度研究：信贷-库存轮盘与资产配置,林晓明,25p
2022-04-24,华泰证券,华泰证券金工深度研究：新闻舆情分析的HAN网络选股,林晓明，李子钰，何康,29p
2022-04-12,华泰证券,华泰证券金工深度研究：图神经网络选股的进阶之路,林晓明，李子钰，何康,29p
2022-04-12,华泰证券,华泰证券金工深度研究：2022Q1中国ETF市场盘点回顾,林晓明，黄晓彬，张泽，刘依苇,22p
2022-04-07,华泰证券,华泰证券金工深度研究：基于遗传规划的一致预期因子挖掘,林晓明，李子钰，何康,27p
2022-03-22,华泰证券,华泰证券金工深度研究：2021年公募FOF市场发展全景回顾,林晓明，黄晓彬，刘依苇，张泽,29p
2022-02-12,华泰证券,华泰证券金工深度研究：宏观因子指数回顾、改进与应用,林晓明，徐特,28p
2022-02-10,华泰证券,华泰证券金工深度研究：绝对收益策略基金业绩归因与评价,林晓明，黄晓彬，张泽，刘依苇,44p
2021-12-31,华泰证券,华泰证券金工深度研究：财报附注中隐藏的财务风险,林晓明，王佳星,33p
2021-10-25,华泰证券,华泰证券金工深度研究：人工智能49，SinGAN单样本生成,林晓明，李子钰，何康,24p
2021-10-15,华泰证券,华泰证券金工深度研究：中观景气度之上游资源,林晓明,30p
2021-08-13,华泰证券,华泰证券金工深度研究：价值策略表现分析与结合动量的优化,林晓明，李聪,36p
2021-08-06,华泰证券,华泰证券金工深度研究：公募REITs的发展历史与投资属性,林晓明，黄晓彬，张泽,33p
2021-07-07,华泰证券,华泰证券金工深度研究：行业配置策略，投资时钟视角,林晓明，李聪,34p
2021-07-05,华泰证券,华泰证券金工深度研究：AlphaNet改进，结构和损失函数,林晓明，李子钰，何康,21p
2021-07-02,华泰证券,华泰证券金工深度研究：A股择时之资金面指标测试,林晓明，李聪，韩晳,34p
2021-06-21,华泰证券,华泰证券金工深度研究：财务质量分析体系初探,林晓明，李聪,32p
2021-06-11,华泰证券,华泰证券金工深度研究：把握ESG投资机遇，发掘优质标的,张馨元，胡健，林晓明，何康,30p
2021-04-26,华泰证券,华泰证券金工深度研究：行业配置落地，科技主题基金筛选,林晓明，李聪，韩晳,28p
2022-10-28,华泰证券,华泰证券人工智能63：再探文本FADT选股,林晓明，李子钰，何康,43p
2022-07-01,华泰证券,华泰证券金工深度研究：人工智能57，文本FADT选股,林晓明，李子钰，何康,38p
2022-01-13,华泰证券,华泰证券人工智能53：揭秘微软AI量化研究,林晓明，李子钰，何康,32p
2022-01-10,华泰证券,华泰证券人工智能52：神经网络组合优化初探,林晓明，李子钰，何康,26p
2022-01-07,华泰证券,华泰证券人工智能51：文本PEAD选股策略,林晓明，何康，李子钰,30p
2022-01-05,华泰证券,基于量价的人工智能选股体系概览,,
2021-11-10,华泰证券,华泰证券金工：人工智能50，再探cGAN资产配置,林晓明，李子钰，何康,27p
2021-10-25,华泰证券,华泰证券金工深度研究：人工智能49，SinGAN单样本生成,林晓明，李子钰，何康,24p
2021-08-04,华泰证券,华泰证券人工智能47：cGAN模拟宏观指标,林晓明，李子钰，何康,26p
2021-04-20,华泰证券,华泰证券人工智能45：cGAN应用于资产配置,林晓明，李子钰，何康,35p
2021-04-13,华泰证券,华泰证券深度研究：人工智能44，深度卷积GAN实证,林晓明，李子钰，何康,30p
2021-03-10,华泰证券,华泰证券人工智能43：因子观点融入机器学习,林晓明，李子钰，何康,21p
2021-01-18,华泰证券,华泰证券人工智能系列之四十一：基于BERT的分析师研报情感因子,林晓明，李子钰，何康,24p
2020-12-23,华泰证券,华泰证券人工智能系列之四十：微软AI量化投资平台Qlib体验,林晓明，李子钰，何康,34p
2020-12-21,华泰证券,华泰证券人工智能系列之三十九：周频量价选股模型的组合优化实证,林晓明，李子钰，何康,23p
2020-11-23,华泰证券,华泰证券人工智能系列之三十八：WGAN生成，从单资产到多资产,林晓明，李子钰，何康,33p
2020-09-22,华泰证券,华泰证券人工智能系列之三十六：相对生成对抗网络RGAN实证,林晓明，李子钰，何康,38p
2020-08-28,华泰证券,华泰证券人工智能系列之三十五：WGAN应用于金融时间序列生成,林晓明，陈烨，李子钰，何康,36p
2020-08-25,华泰证券,华泰证券人工智能系列之三十四：再探 AlphaNet，结构和特征优化,林晓明，陈烨，李子钰,25p
2020-08-25,华泰证券,华泰证券人工智能系列之三十四：再探AlphaNet，结构和特征优化,林晓明，陈烨，李子钰,25p
2020-05-09,华泰证券,华泰证券人工智能系列之三十一：生成对抗网络GAN初探,林晓明，陈烨，李子钰,36p
2020-04-24,华泰证券,华泰证券人工智能系列之三十：从关联到逻辑，因果推断初探,林晓明，陈烨，李子钰,24p
2020-03-20,华泰证券,华泰证券人工智能系列之二十九：提升超额收益，另类标签和集成学习,林晓明，陈烨，李子钰,35p
2020-02-20,华泰证券,华泰证券人工智能系列之二十八：基于量价的人工智能选股体系概览,林晓明，陈烨，李子钰,24p
2020-02-07,华泰证券,华泰证券人工智能系列之二十七：揭开机器学习模型的“黑箱”,林晓明，陈烨，李子钰,33p
2019-11-27,华泰证券,华泰证券人工智能系列之二十六：遗传规划在CTA信号挖掘中的应用,林晓明，陈烨，李子钰,22p
2019-09-04,华泰证券,华泰证券人工智能系列之二十四：真假序列识别研究，投石问路，技术分析可靠否？,林晓明，陈烨,32p
2019-08-08,华泰证券,华泰证券人工智能系列之二十三：再探基于遗传规划的选股因子挖掘,林晓明，陈烨,32p
2019-06-18,华泰证券,华泰证券人工智能系列之二十二：基于CSCV框架的回测过拟合概率,林晓明，陈烨,22p
2019-06-11,华泰证券,华泰证券人工智能系列之二十一：基于遗传规划的选股因子挖掘,林晓明，陈烨,25p
2019-04-29,华泰证券,华泰证券人工智能系列之二十：必然中的偶然，机器学习中的随机数,林晓明，陈烨,24p
2019-04-24,华泰证券,华泰证券人工智能系列之十九：偶然中的必然，重采样技术检验过拟合,林晓明，陈烨,28p
2019-04-11,华泰证券,华泰证券人工智能系列之十八：机器学习选股模型的调仓频率实证,林晓明，陈烨,18p
2019-03-15,华泰证券,华泰证券人工智能系列之十七：人工智能选股之数据标注方法实证,林晓明，陈烨,26p
2019-02-20,华泰证券,华泰证券人工智能系列之十六：再论时序交叉验证对抗过拟合,林晓明，陈烨,23p
2019-02-14,华泰证券,华泰证券华泰人工智能系列之十五：人工智能选股之卷积神经网络,林晓明，陈烨,21p
2019-02-14,华泰证券,华泰证券人工智能系列之十五：人工智能选股之卷积神经网络,林晓明，陈烨,21p
2018-11-28,华泰证券,华泰证券人工智能系列之十四：对抗过拟合，从时序交叉验证谈起,林晓明，陈烨,29p
2018-08-02,华泰证券,华泰证券人工智能系列之十三：人工智能选股之损失函数的改进,林晓明,22p
2018-07-27,华泰证券,华泰证券人工智能系列之十二：人工智能选股之特征选择,林晓明,25p
2018-05-03,华泰证券,华泰证券人工智能系列之十一：人工智能选股之stacking集成学习,林晓明,28p
2017-11-23,华泰证券,华泰证券人工智能系列之八：人工智能选股之全连接神经网络,林晓明,28p
2017-09-20,华泰证券,华泰证券人工智能系列之七：人工智能选股之Python实战,林晓明,39p
2017-09-14,华泰证券,华泰证券人工智能系列之六：人工智能选股之Boosting模型,林晓明,41p
2017-08-31,华泰证券,华泰证券人工智能系列之五：人工智能选股之随机森林模型,林晓明,32p
2017-08-04,华泰证券,华泰证券人工智能系列之三：人工智能选股之支持向量机模型,林晓明,33p
2017-06-02,华泰证券,华泰证券人工智能系列之一：人工智能选股框架及经典算法简介,林晓明,35p
2023-02-07,华泰证券,华泰证券金工专题研究：经济基本面或将成为市场核心驱动,林晓明，陈烨，李聪，刘志成，韩晳,23p
2023-02-07,华泰证券,华泰证券金工专题研究：TMT板块底部特征或显现,林晓明，何康,10p
2023-01-06,华泰证券,华泰证券金工专题研究：海外市场预计从通胀走向衰退,林晓明，陈烨，李聪，刘志成，韩晳,24p
2022-12-23,华泰证券,华泰证券金工专题研究：公募保险的个人养老金产品已面市,林晓明，张泽,9p
2022-12-22,华泰证券,华泰证券金工专题研究：资产配置体系的完整性思考,林晓明，陈烨，李聪，刘志成，韩晳,13p
2022-12-07,华泰证券,华泰证券金工专题研究：高弹性的成长股投资利器,林晓明，何康,11p
2022-12-02,华泰证券,华泰证券金工专题研究：8家公募正在发行北证50指数基金,林晓明，张泽，李子钰,10p
2022-11-06,华泰证券,华泰证券金工专题研究：加息进入后期，部分资产可能反转,林晓明，陈烨，李聪，刘志成，韩晳,23p
2022-10-18,华泰证券,华泰证券金工专题研究：顺时而动，聚焦中证100核心龙头,张馨元，林晓明，何康，王晨宇,20p
2022-10-12,华泰证券,华泰证券金工专题研究：海外资产延续下跌，继续耐心等待,林晓明，陈烨，刘志成，韩晳，源洁莹,20p
2022-09-07,华泰证券,华泰证券金工专题研究：能源危机压制全球资产表现,林晓明，陈烨，刘志成，韩晳，源洁莹,21p
2022-09-01,华泰证券,华泰证券金工专题研究：供给与需求共振，关注疫苗生科产业,代雯，林晓明，何康，张云逸,22p
2022-08-27,华泰证券,华泰证券金工专题研究：美元的上行或延续到明年一季度,林晓明，陈烨，刘志成，韩晳，源洁莹,13p
2022-08-05,华泰证券,华泰证券金工专题研究：衰退背景下海外配置建议以债券为主,林晓明，陈烨，刘志成，韩晳，源洁莹,26p
2022-07-27,华泰证券,华泰证券金工专题研究：地产相关的行业调整到哪了？,林晓明，源洁莹,13p
2022-07-25,华泰证券,华泰证券金工专题研究：沪深300指数及其跟踪基金分析,林晓明，李子钰，王晨宇,17p
2022-07-21,华泰证券,华泰证券金工专题研究：中证1000ETF“箭在弦上，蓄势待发”,林晓明，张泽,13p
2022-07-04,华泰证券,华泰证券金工专题研究：广发等首批碳中和主题ETF获批,张馨元，王以，林晓明，张泽,23p
2022-05-05,华泰证券,华泰证券金工专题研究：信息技术产业或将迎来布局机会,谢春生，林晓明，黄晓彬，刘依苇,23p
2022-04-29,华泰证券,华泰证券金工专题研究：科技成长股的柳暗花明,林晓明，何康，王晨宇,19p
2022-04-04,华泰证券,华泰证券金工专题研究：锂电池需求高增长，行业持续高景气,申建国，林晓明，黄晓彬，张泽，边文姣,30p
2022-03-27,华泰证券,华泰证券金工专题研究：当下时点分析道琼斯美国石油指数,林晓明，李子钰,18p
2022-03-17,华泰证券,华泰证券金工专题研究：拥抱AH互联网的当下与未来,林晓明，何康，王晨宇，陶冶,19p
2022-03-09,华泰证券,华泰证券金工专题研究：中概互联的投资价值与配置良机,林晓明，黄晓彬，张泽，刘依苇,24p
2022-03-08,华泰证券,华泰证券金工专题研究：地缘冲突可能导致全球经济更脆弱,林晓明，陈烨，刘志成，韩晳，源洁莹,17p
2022-03-02,华泰证券,华泰证券金工专题研究：一类“特立独行”的500指增,林晓明，何康,9p
2022-02-10,华泰证券,华泰证券金工专题研究：美国加息落地时或出现利率阶段高点,林晓明，陈烨，刘志成，韩晳，源洁莹,19p
2022-01-25,华泰证券,华泰证券金工专题研究：农业板块渐显配置良机,林晓明，何康,15p
2022-01-11,华泰证券,华泰证券金工专题研究：美联储政策对S1策略影响分析,林晓明，何康，刘志成，韩晳，源洁莹,12p
2022-01-06,华泰证券,华泰证券金工专题研究：经济下行是今年海外市场主要风险,林晓明，陈烨，刘志成，韩晳，源洁莹,16p
2021-12-03,华泰证券,华泰证券金工专题研究：十问增强型ETF,林晓明，何康,10p
2021-11-08,华泰证券,华泰证券金工专题研究：美元指数企稳，防御资产或逐步占优,林晓明，黄晓彬，源洁莹,16p
2021-11-04,华泰证券,华泰证券金工专题研究：2021年12月重要指数调整预测,林晓明，何康,10p
2021-11-01,华泰证券,华泰证券金工专题研究：从三季报调仓看行业配置方向,林晓明，王佳星,13p
2021-10-29,华泰证券,华泰证券专题研究：科技创新提速，沪港深配置正当时,林晓明，何康,18p
2021-10-15,华泰证券,华泰证券金工专题研究：量化的逆袭,林晓明，何康,23p
2021-10-13,华泰证券,华泰证券金工专题研究：ESG投资工具之沪深300ESG基准指数,林晓明，黄晓彬，张泽,20p
2021-10-12,华泰证券,华泰证券金工专题研究：双重利好共振，关注医疗保健投资,代雯，林晓明，黄晓彬，张泽,17p
2021-10-11,华泰证券,华泰证券金工专题研究：景气度下行叠加高通胀压制各类资产,林晓明，黄晓彬，源洁莹,19p
2021-09-07,华泰证券,华泰证券金工专题研究：8月各资产盘整，债券趋势或逐渐显现,林晓明，黄晓彬，源洁莹,15p
2021-09-07,华泰证券,华泰证券金工专题研究：物流行业已进入底部反转,林晓明，何康,10p
2021-09-03,华泰证券,华泰证券金工专题研究：关注大金融板块相关产品投资价值（更正）,张继强，林晓明,19p
2021-08-18,华泰证券,华泰证券专题研究：易方达中证稀土产业ETF投价分析,李斌，林晓明，何康,23p
2021-08-04,华泰证券,华泰证券专题研究：低碳经济风起，关注易方达碳中和50,张馨元，王以，林晓明，何康,17p
2021-07-12,华泰证券,华泰证券金工专题研究：双创基金首秀，易方达科创创业领先,林晓明，何康,10p
2021-06-20,华泰证券,华泰证券专题研究：招商中证科创创业50投资价值分析,林晓明，李子钰，何康,17p
2021-06-18,华泰证券,华泰证券专题研究：景顺长城量化精选投资价值分析,林晓明，李子钰，何康,27p
2021-06-18,华泰证券,华泰证券专题研究：科技创新投资关注易方达科创创业,张馨元，胡健，林晓明，何康,18p
2021-05-11,华泰证券,华泰证券专题研究：景顺长城中证500增强投资价值分析,林晓明，李子钰，何康,27p
2021-04-27,华泰证券,华泰证券金工专题研究：中证500行业中性低波动指数分析,林晓明，李子钰，何康,18p
2021-03-26,华泰证券,华泰证券专题研究：布局碳中和及顺周期，应如何择基？,肖群稀，时彧，林晓明，何康,26p
2021-02-18,华泰证券,华泰证券专题研究：化工行业迎来全新工具化投资产品,刘曦，林晓明，何康,27p
2018-05-10,华泰证券,华泰证券金工Smatbeta专题研究之一：Smatbeta在资产配置中的优势,林晓明,27p
2016-11-24,华泰证券,华泰证券基金定投系列专题研究报告之四：布林带与股息率择时定投模型,林晓明，黄晓彬,36p
2016-10-11,华泰证券,华泰证券基金定投系列专题研究报告之三：基金定投，马科维茨有效性检验,林晓明,28p
2016-08-23,华泰证券,华泰证券基金定投系列专题研究报告之二：基金定投，投资标的与时机的选择方法,林晓明，黄晓彬,23p
2016-07-14,华泰证券,华泰证券基金定投系列专题研究报告之一：基金定投，分析方法与理论基础,林晓明,19p
2023-02-09,华泰证券,华泰证券金工深度研究：利用文本和反转改进机构调研选股,林晓明，李子钰，何康,21p
2023-02-02,华泰证券,华泰证券金工深度研究：基金个股仓位测算与偏股混指数增强,林晓明，李子钰，何康,29p
2023-01-30,华泰证券,华泰证券金工深度研究：九坤Kaggle量化大赛有哪些启示？,林晓明，李子钰，何康,23p
2023-01-18,华泰证券,华泰证券金工深度研究：主动权益基金标签体系构建与分析,林晓明，张泽，刘依苇,32p
2023-01-17,华泰证券,华泰证券金工深度研究：海外增长-流动性框架与大类资产配置,林晓明,26p
2022-12-23,华泰证券,华泰证券金工深度研究：债券违约与债基踩雷概率预测方案,林晓明，张泽,25p
2022-11-18,华泰证券,华泰证券金工深度研究：个人养老金制度下的公募FOF发展,林晓明，张泽，刘依苇,34p
2022-10-27,华泰证券,华泰证券金工深度研究：NLP综述，勾勒AI语义理解的轨迹,林晓明，李子钰，何康,54p
2022-10-27,华泰证券,华泰证券金工深度研究：析精剖微，机构拆解看北向资金,林晓明，何康,38p
2022-10-26,华泰证券,华泰证券金工深度研究：中国第二产业景气轮动策略,林晓明,23p
2022-10-26,华泰证券,华泰证券金工深度研究：深挖分析师共同覆盖中的关联因子,林晓明，李子钰，何康,27p
2022-10-11,华泰证券,华泰证券金工深度研究：量化如何追求模糊的正确，有序回归,林晓明，李子钰，何康,24p
2022-10-03,华泰证券,华泰证券金工深度研究：固收 基金资产配置能力分析与筛选,林晓明，刘依苇，张泽,29p
2022-09-16,华泰证券,华泰证券金工深度研究：各行业风格下的主被动基金业绩对比,林晓明，张泽，刘依苇,26p
2022-09-14,华泰证券,华泰证券金工深度研究：ESG评价体系与ESGSmartBeta,林晓明，王晨宇，何康,37p
2022-08-16,华泰证券,华泰证券金工深度研究：基金组合构建流程与场景化投资案例,林晓明，张泽，刘依苇,31p
2022-07-27,华泰证券,华泰证券金工深度研究：2022Q2中国ETF市场盘点回顾,林晓明，张泽，刘依苇,23p
2022-07-21,华泰证券,华泰证券金工深度研究：强化学习初探与DQN择时,林晓明，李子钰，何康,42p
2022-07-19,华泰证券,华泰证券金工深度研究：行业配置策略，中观景气视角（2）,林晓明,29p
2022-07-07,华泰证券,华泰证券金工深度研究：分析师共同覆盖因子和图神经网络,林晓明，李子钰，何康,31p
2022-07-01,华泰证券,华泰证券金工深度研究：人工智能57，文本FADT选股,林晓明，李子钰，何康,38p
2022-06-30,华泰证券,华泰证券金工深度研究：基于持仓刻画基金经理行业投资能力,林晓明，刘依苇，张泽,51p
2022-06-24,华泰证券,华泰证券金工深度研究：低频量化策略的胜负博弈,林晓明，陈烨，刘志成，韩晳，源洁莹,40p
2022-06-10,华泰证券,华泰证券金工深度研究：板块风格划分下的基金评价框架,林晓明，王佳星,37p
2022-06-06,华泰证券,华泰证券金工深度研究：公司治理行为与企业违规风险,林晓明，王佳星,40p
2022-05-06,华泰证券,华泰证券金工深度研究：信贷-库存轮盘与资产配置,林晓明,25p
2022-04-24,华泰证券,华泰证券金工深度研究：新闻舆情分析的HAN网络选股,林晓明，李子钰，何康,29p
2022-04-12,华泰证券,华泰证券金工深度研究：图神经网络选股的进阶之路,林晓明，李子钰，何康,29p
2022-04-12,华泰证券,华泰证券金工深度研究：2022Q1中国ETF市场盘点回顾,林晓明，黄晓彬，张泽，刘依苇,22p
2022-04-07,华泰证券,华泰证券金工深度研究：基于遗传规划的一致预期因子挖掘,林晓明，李子钰，何康,27p
2022-03-22,华泰证券,华泰证券金工深度研究：2021年公募FOF市场发展全景回顾,林晓明，黄晓彬，刘依苇，张泽,29p
2022-02-12,华泰证券,华泰证券金工深度研究：宏观因子指数回顾、改进与应用,林晓明，徐特,28p
2022-02-10,华泰证券,华泰证券金工深度研究：绝对收益策略基金业绩归因与评价,林晓明，黄晓彬，张泽，刘依苇,44p
2021-12-31,华泰证券,华泰证券金工深度研究：财报附注中隐藏的财务风险,林晓明，王佳星,33p
2021-10-25,华泰证券,华泰证券金工深度研究：人工智能49，SinGAN单样本生成,林晓明，李子钰，何康,24p
2021-10-15,华泰证券,华泰证券金工深度研究：中观景气度之上游资源,林晓明,30p
2021-08-13,华泰证券,华泰证券金工深度研究：价值策略表现分析与结合动量的优化,林晓明，李聪,36p
2021-08-06,华泰证券,华泰证券金工深度研究：公募REITs的发展历史与投资属性,林晓明，黄晓彬，张泽,33p
2021-07-07,华泰证券,华泰证券金工深度研究：行业配置策略，投资时钟视角,林晓明，李聪,34p
2021-07-05,华泰证券,华泰证券金工深度研究：AlphaNet改进，结构和损失函数,林晓明，李子钰，何康,21p
2021-07-02,华泰证券,华泰证券金工深度研究：A股择时之资金面指标测试,林晓明，李聪，韩晳,34p
2021-06-21,华泰证券,华泰证券金工深度研究：财务质量分析体系初探,林晓明，李聪,32p
2021-06-11,华泰证券,华泰证券金工深度研究：把握ESG投资机遇，发掘优质标的,张馨元，胡健，林晓明，何康,30p
2021-04-26,华泰证券,华泰证券金工深度研究：行业配置落地，科技主题基金筛选,林晓明，李聪，韩晳,28p
2022-07-19,华泰证券,华泰证券金工深度研究：行业配置策略，中观景气视角（2）,林晓明,29p
2022-01-18,华泰证券,华泰证券行业配置策略：中观景气视角（1）,林晓明,26p
2021-11-08,华泰证券,华泰证券行业配置策略：资金流向视角,林晓明，王佳星,46p
2021-07-07,华泰证券,华泰证券金工深度研究：行业配置策略，投资时钟视角,林晓明，李聪,34p
2021-01-25,华泰证券,华泰证券基本面轮动系列之十一：行业配置落地，指数增强篇（2）,林晓明，李聪，韩晳,30p
2020-11-30,华泰证券,华泰证券基本面轮动系列之十：行业配置落地，指数增强篇,林晓明，李聪，韩晳,25p
2020-11-27,华泰证券,华泰证券基本面轮动系列之九：行业配置策略，拥挤度视角,林晓明，李聪，韩晳,26p
2020-11-05,华泰证券,华泰证券基本面轮动系列之八：行业配置策略，景气度视角,林晓明，李聪，韩晳,43p
2020-09-02,华泰证券,华泰证券基本面轮动系列之七：行业配置策略，趋势追踪视角,林晓明，李聪,54p
2020-08-04,华泰证券,华泰证券基本面轮动系列之六：行业配置策略，宏观因子视角,陈莉，林晓明，李聪,31p
2020-07-07,华泰证券,华泰证券基本面轮动系列之五：行业全景画像，投入产出表视角,林晓明，李聪,41p
2020-06-16,华泰证券,华泰证券行业基本面轮动系列之四：行业全景画像，改进杜邦拆解视角,林晓明，李聪,39p
2020-06-03,华泰证券,华泰证券中观基本面轮动系列之三：行业全景画像，风格因子视角,林晓明，李聪,26p
2020-03-27,华泰证券,华泰证券中观基本面轮动系列之二：行业全景画像，宏观因子视角,林晓明，李聪，刘志成,41p
2020-03-04,华泰证券,华泰证券中观基本面轮动系列之一：确立研究对象，行业拆分与聚类,林晓明，李聪，刘志成,24p
2020-08-14,华泰证券,华泰证券Smart Beta系列之五：归本溯源，质量Smart Beta,林晓明，陈烨,26p
2020-04-01,华泰证券,华泰证券Smart Beta系列之四：重剑无锋，低波动Smart Beta,林晓明，陈烨，李子钰,27p
2019-12-24,华泰证券,华泰证券Smart Beta系列之三：投资优质股票，红利类Smart Beta,林晓明，陈烨，李子钰,26p
2019-07-10,华泰证券,华泰证券Smart Beta系列之二：博观约取，价值和成长Smart Beta,林晓明，陈烨,27p
2019-02-21,华泰证券,华泰证券Smart Beta系列之一：Smart Beta，乘风破浪趁此时,林晓明，陈烨,28p
2020-04-08,华泰证券,华泰证券金工量化择时系列：牛熊指标在择时轮动中的应用探讨,林晓明，李聪，刘志成,22p
2019-09-29,华泰证券,华泰证券金工量化择时系列：波动率与换手率构造牛熊指标,林晓明，李聪，刘志成,20p
2019-05-15,华泰证券,华泰证券金工量化择时系列：A股市场低开现象研究,林晓明，刘志成,33p
2019-10-16,华泰证券,华泰证券多因子系列之十三：华泰单因子测试之历史分位数因子,林晓明，陈烨,42p
2019-10-16,华泰证券,华泰证券单因子测试之历史分位数因子：华泰多因子系列之十三,林晓明，陈烨,42p
2019-06-14,华泰证券,华泰证券多因子系列之十二：桑土之防，结构化多因子风险模型,林晓明，陈烨,33p
2019-05-23,华泰证券,华泰证券多因子系列之十一：华泰单因子测试之海量技术因子,林晓明，陈烨,36p
2019-01-04,华泰证券,华泰证券多因子系列之十：因子合成方法实证分析,林晓明，陈烨,39p
2018-12-14,华泰证券,华泰证券多因子系列之九：华泰单因子测试之一致预期因子,林晓明，陈烨,29p
2018-05-28,华泰证券,华泰证券多因子系列之八：华泰单因子测试之财务质量因子,林晓明,54p
2018-05-18,华泰证券,华泰证券多因子系列之七：华泰单因子测试之资金流向因子,林晓明,39p
2017-03-30,华泰证券,华泰证券多因子系列之六：华泰单因子测试之波动率类因子,林晓明,42p
2017-01-10,华泰证券,华泰证券多因子系列之五：华泰单因子测试之换手率类因子,林晓明,48p
2016-12-22,华泰证券,华泰证券多因子系列之四：单因子测试之动量类因子,林晓明,45p
2016-11-03,华泰证券,华泰证券多因子系列之三：华泰单因子测试之成长类因子,林晓明,50p
2016-10-09,华泰证券,华泰证券多因子系列之二：华泰单因子测试之估值类因子,林晓明,47p
2016-09-22,华泰证券,华泰证券多因子系列之一：华泰多因子模型体系初探,林晓明,33p
2023-02-18,东吴证券,东吴证券“高频价量相关性拥抱CTA”系列研究（三）：从通道法和窗口法，到道氏理论CTA,高子剑,17p
2023-02-14,东吴证券,东吴证券“高频价量相关性拥抱CTA”系列研究（二）：CPV因子期货版2.0，样本内外的动量反转,高子剑,17p
2022-10-11,东吴证券,东吴证券“技术分析拥抱选股因子”系列研究（十一）：新价量相关性RPV选股因子，相关性是价量配合最好的尺,高子剑,26p
2021-12-07,东吴证券,东吴证券“技术分析拥抱选股因子”系列研究（九）：改进STR，换手率要比别人稳，也要比自己稳,高子剑，沈芷琦,17p
2021-08-19,东吴证券,东吴证券“技术分析拥抱选股因子”系列研究（八）：优加换手率——解决1 1＜2的难题,高子剑，沈芷琦,18p
2021-08-19,东吴证券,东吴证券“求索动量因子”系列研究（四）：反应不足or反应过度？从信息分布到动量／反转,沈芷琦，高子剑,17p
2021-08-17,东吴证券,东吴证券“求索动量因子”系列研究（三）：交易者结构对动量因子的改进Q&A,沈芷琦，高子剑,17p
2021-05-16,东吴证券,东吴证券“技术分析拥抱选股因子”系列研究（七）：量稳换手率选股因子，量小、量缩，都不如量稳？,高子剑，沈芷琦,17p
2021-05-15,东吴证券,东吴证券“技术分析系拥抱选股因子”系列研究六：CPV因子抢跑版，差分视角下的价量互动关系,高子剑，沈芷琦,22p
2021-03-01,东吴证券,东吴证券“技术分析拥抱选股因子”系列研究（四）：换手率分布均匀度，基于分钟成交量的选股因子,高子剑，沈芷琦,12p
2021-03-01,东吴证券,东吴证券“技术分析拥抱选股因子”系列研究（五）：CPV因子错位版，价量自相关性中蕴藏的选股信息,高子剑，沈芷琦,23p
2020-09-01,东吴证券,东吴证券“波动率选股因子”系列研究（二）：信息分布均匀度，基于高频波动率的选股因子,高子剑，沈芷琦,13p
2020-08-18,东吴证券,东吴证券“求索动量因子”系列研究（二）：交易者结构对动量因子的改进,高子剑，沈芷琦,17p
2020-06-19,东吴证券,东吴证券“技术分析拥抱选股因子”系列研究（二）：上下影线，蜡烛好还是威廉好？,高子剑，沈芷琦,16p
2020-06-18,东吴证券,东吴证券“高频价量相关性拥抱CTA”系列研究（一）：CPV因子期货版,高子剑，沈芷琦,13p
2020-05-29,东吴证券,东吴证券“波动率选股因子”系列研究（一）：寻找特质波动率中的纯真信息——剔除跨期截面相关性的纯真波动率因子,高子剑，沈芷琦,15p
2020-02-25,东吴证券,东吴证券“ETF情绪温度计”系列研究（三）：ETF情绪温度计，高频折溢价的基差预测能力,高子剑，沈芷琦,20p
2020-02-24,东吴证券,东吴证券“技术分析拥抱选股因子”系列研究（一）：高频价量相关性，意想不到的选股因子,高子剑，沈芷琦,19p
2019-11-27,东吴证券,东吴证券“ETF情绪温度计”系列研究（二）：从高频折溢价到CTA信号,高子剑，沈芷琦,11p
2019-04-26,东吴证券,东吴证券“订单簿的温度”系列研究（二）：逐笔成交中的帕累托因子,魏建榕，高子剑，傅开波,15p
2018-12-14,东吴证券,东吴证券“订单簿的温度”系列研究（一）：反转因子的精细结构,魏建榕，高子剑，傅开波,13p
2018-11-02,东吴证券,东吴证券可转债研究系列六：发现价格异动，捕捉转债套利机会,姚育婷，高子剑,25p
2018-07-25,东吴证券,东吴证券可转债研究系列（五）：事件驱动，可转债之转股、赎回与下修,高子剑，姚育婷,17p
2018-06-03,东吴证券,东吴证券可转债研究系列四：股债轮动，可转债股性和债性的博弈,高子剑，姚育婷,22p
2018-05-30,东吴证券,东吴证券基本面量化研究系列（一）：盈利因子改进，焕然一新的ROE,高子剑，张翔,18p
2018-05-07,东吴证券,东吴证券“市场行为的宝藏”系列研究：低开高走的收益特征,魏建榕，高子剑,8p
2018-03-11,东吴证券,东吴证券可转债研究系列（三）：析土掘金，探寻转债价值洼地,高子剑，姚育婷,16p
2018-02-22,东吴证券,东吴证券可转债研究系列（二）：了解转债条款，寻找价值“洼地”,高子剑，姚育婷,16p
2023-02-17,东吴证券,东吴证券金工专题报告：基于ChatGPT的基金评价探究,高子剑，林依源,10p
2022-11-09,东吴证券,东吴证券金工&电子专题报告：基建进入高峰时期，5G通信大有可为，中证5G通信指数投资价值分析,高子剑，鲍娴颖，林依源,21p
2022-09-15,东吴证券,东吴证券金工专题报告：重拾自信选股因子2.0，从过度自信到重拾自信,高子剑,20p
2022-08-18,东吴证券,东吴证券金工专题报告：成交价改进换手率因子,高子剑,31p
2022-06-20,东吴证券,东吴证券金工&电新专题报告：云开月明，上下游共振，中证光伏产业指数投资价值分析,曾朵红，高子剑，林依源,16p
2022-06-11,东吴证券,东吴证券金工&传媒专题报告：恒生科技指数投资价值分析，政策面见底基本面改善，底部配置正当时,张良卫，高子剑，张家琦，林依源,19p
2022-01-10,东吴证券,东吴证券金工专题报告：基金业绩与规模增长的秘密,高子剑,14p
2021-12-19,东吴证券,东吴证券金工专题报告：主动基金的中国优势,高子剑,21p
2021-01-07,东吴证券,东吴证券金工专题报告：投资ETF，比管理费更重要的事,高子剑，张翔宇,21p
2020-11-30,东吴证券,东吴证券金工专题报告：国内外黄金ETF发展情况研究,高子剑，张翔宇,15p
2020-11-26,东吴证券,东吴证券金工专题报告：华泰柏瑞光伏ETF配置价值分析,高子剑，曾朵红，陈瑶,19p
2020-06-27,东吴证券,东吴证券金工专题报告：华夏创业板低波蓝筹ETF产品研究,高子剑,10p
2020-02-27,东吴证券,东吴证券金工专题报告：华夏ETF“科技铁三角”投资价值分析,高子剑,13p
2020-01-10,东吴证券,东吴证券金工专题报告，择时专题研究：短线择时模型，Easy择时,高子剑，沈芷琦,9p
2019-10-16,东吴证券,东吴证券金工专题报告：华宝中证科技龙头ETF，气吞牛斗而来，占尽风格优势,高子剑，沈芷琦,12p
2019-09-27,东吴证券,东吴证券金工专题报告：估值视角下的行业轮动,张翔，高子剑,16p
2019-08-16,东吴证券,东吴证券金工专题报告：杠反ETF，神秘面纱下的独特魅力,高子剑，张翔，沈芷琦,24p
2019-07-08,东吴证券,东吴证券金工专题报告 ：投资ETF，比管理费更重要的事,高子剑，张翔,19p
2019-05-27,东吴证券,东吴证券金工专题报告：港股市场稳健收益策略研究,高子剑，张翔,25p
2019-05-19,东吴证券,东吴证券因子方法论之四：组合优化中被低估的风险--金工专题报告,高子剑，陈实,26p
2018-12-30,东吴证券,东吴证券金工专题报告：反转因子的精细结构，Q&A,魏建榕，高子剑，傅开波,10p
2018-07-30,东吴证券,东吴证券金工专题报告：基于收益率的股基评价靠谱吗？,高子剑，陈实,22p
2018-07-11,东吴证券,东吴证券金工专题报告：CDR，你需要知道的6件事,高子剑，张翔,21p
2022-06-04,东吴证券,东吴证券金融工程专题报告：重拾自信选股因子，从过度自信到重拾自信,高子剑,18p
2022-06-04,东吴证券,东吴证券金融工程专题报告：金工基金月报,高子剑，林依源,14p
2022-03-22,东吴证券,东吴证券金融工程专题报告之产品工具箱系列：锚定沪港深科技机遇，掘金优质成长公司，宝盈基金张仲维先生产品投资价值分析,高子剑,16p
2021-11-22,东吴证券,东吴证券金融工程专题报告之产品工具箱系列：把握科技医药新能源发展机遇，共享长期成长行业增长红利，嘉实基金蔡丞丰产品投资价值分析,高子剑,20p
2021-11-08,东吴证券,"东吴证券金融工程专题报告之产品工具箱系列：紧跟汽车产业发展趋势，共享智能电车增长红利,浦银安盛中证智能电动汽车ETF投资价值分析(560000)",高子剑,
2021-11-03,东吴证券,东吴证券金融工程专题报告之产品工具箱系列：把握智能化转型机遇，聚焦制造业创新变革，诺安优选回报投资价值分析（001743）,高子剑,13p
2021-10-19,东吴证券,东吴证券金融工程专题报告之产品工具箱系列：前海开源沪港深农业主题精选投资价值分析（164403.OF），布局农业静待花开，多元投资积蓄势能,高子剑,16p
2021-09-28,东吴证券,东吴证券金融工程专题报告之产品工具箱系列：多策略量化加持，捕捉主流投资风口，博时量化多策略投资价值分析（005635.OF）,高子剑,15p
2021-09-24,东吴证券,东吴证券金融工程专题报告之产品工具箱系列：跟随优势成长风格，把握中国智造新形态，诺安先锋混合投资价值分析（320003.OF）,高子剑,12p
2021-09-07,东吴证券,东吴证券金融工程专题报告之产品工具箱系列：长城中证500指数增强A投资价值分析（006048.OF），把握市场风向转变，量化增益指数价值,高子剑,17p
2021-08-26,东吴证券,东吴证券金融工程专题报告之产品工具箱系列：景顺长城中小盘混合投资价值分析（260115.OF），风格趋向小而优，个股挑选少而精,高子剑,13p
2021-08-25,东吴证券,东吴证券金融工程专题报告之产品工具箱系列：立足中小盘风口，抢占碳中和先机，景顺长城低碳科技主题投资价值分析（002244.OF）,高子剑,15p
2021-06-03,东吴证券,东吴证券金融工程专题报告之产品工具箱系列：太平资产量化产品投资价值分析，捕捉定价偏差，人工智能量化,高子剑,19p
2019-05-19,东吴证券,东吴证券因子方法论之四：组合优化中被低估的风险--金工专题报告,高子剑，陈实,26p
2019-05-16,东吴证券,东吴证券因子方法论之四：组合优化中被低估的风险,高子剑，陈实,26p
2018-11-03,东吴证券,东吴证券因子方法论之三：从稳健优化到约束条件的本质,高子剑，陈实,31p
2018-05-19,东吴证券,东吴证券因子方法论之二：协方差矩阵的估计和应用，以风险模型和最优化复合因子权重为例,高子剑，陈实,32p
2018-05-17,东吴证券,东吴证券因子方法论之二：协方差矩阵的估计和应用，以风险模型和最优化复合因子权重为例,高子剑，陈实,32p
2021-03-10,东吴证券,东吴证券资产管理扬帆起航系列报告：主动基金的中国优势,高子剑，张翔宇,17p
2021-01-08,东吴证券,东吴证券资产管理扬帆起航系列报告：ETF做市业务全解析，全球与中国对比,高子剑，张翔宇,27p
2019-12-02,东吴证券,东吴证券资产管理扬帆起航系列报告：基金业绩与规模增长的秘密,高子剑，沈芷琦,17p
2019-09-11,东吴证券,东吴证券资产管理扬帆起航系列报告：主动基金的中国优势,高子剑，沈芷琦,22p
2019-09-11,东吴证券,东吴证券持仓量的全球价格发现系列报告：金融期货多方占主,高子剑,17p
2019-08-21,东吴证券,东吴证券【持仓量的全球价格发现】系列报告：中国股债独好,高子剑,16p
2019-07-27,东吴证券,东吴证券《持仓量的全球价格发现》系列报告：降息预期带来普世多头,高子剑,20p
2018-09-12,东吴证券,东吴证券资产管理扬帆起航系列报告：指数增强正当时,高子剑，魏建榕,29p
2022-10-11,东吴证券,东吴证券“技术分析拥抱选股因子”系列研究（十一）：新价量相关性RPV选股因子，相关性是价量配合最好的尺,高子剑,26p
2021-05-15,东吴证券,东吴证券“技术分析系拥抱选股因子”系列研究六：CPV因子抢跑版，差分视角下的价量互动关系,高子剑，沈芷琦,22p
2021-03-01,东吴证券,东吴证券“技术分析拥抱选股因子”系列研究（五）：CPV因子错位版，价量自相关性中蕴藏的选股信息,高子剑，沈芷琦,23p
2018-11-02,东吴证券,东吴证券可转债研究系列六：发现价格异动，捕捉转债套利机会,姚育婷，高子剑,25p
2018-06-03,东吴证券,东吴证券可转债研究系列四：股债轮动，可转债股性和债性的博弈,高子剑，姚育婷,22p