日期,来源,标题,作者,页数,点击量排名20230223
2017-06-02,华泰证券,华泰证券人工智能系列之一：人工智能选股框架及经典算法简介,林晓明,35p,1
2017-09-20,华泰证券,华泰证券人工智能系列之七：人工智能选股之Python实战,林晓明,39p,2
2016-09-22,华泰证券,华泰证券多因子系列之一：华泰多因子模型体系初探,林晓明,33p,3
2017-08-04,华泰证券,华泰证券人工智能系列之三：人工智能选股之支持向量机模型,林晓明,33p,4
2018-01-08,方正证券,方正证券“星火”多因子系列报告（一）：Barra模型初探，A股市场风格解析,韩振国,17p,5
2019-04-10,财通证券,财通证券“星火”多因子专题报告（四）：基于持仓的基金业绩归因，始于Brinson，归于Barra,陶勤英，,31p,6
2017-08-31,华泰证券,华泰证券人工智能系列之五：人工智能选股之随机森林模型,林晓明,32p,7
2019-01-16,国盛证券,国盛证券多因子系列之一：多因子选股体系的思考,殷明,43p,8
2017-04-10,光大证券,光大证券多因子系列报告之一：因子测试框架,,22p,9
2017-05-02,光大证券,光大证券技术择时系列报告之一：基于阻力支撑相对强度（RSRS）的市场择时,,27p,10
2017-10-24,民生证券,民生证券人工智能系列之一：机器学习量化投资实战指南,徐玉宁，马自妍,34p,11
2017-09-14,华泰证券,华泰证券人工智能系列之六：人工智能选股之Boosting模型,林晓明,41p,12
2018-03-08,中信建投,中信建投大数据人工智能研究之七：零基础python代码策略模型实战,丁鲁明，喻银尤,36p,13
2018-03-03,方正证券,方正证券“星火”多因子系列（二）：Barra模型进阶，多因子模型风险预测,韩振国,20p,14
2017-11-23,华泰证券,华泰证券人工智能系列之八：人工智能选股之全连接神经网络,林晓明,28p,15
2016-10-09,华泰证券,华泰证券多因子系列之二：华泰单因子测试之估值类因子,林晓明,47p,16
2019-06-11,华泰证券,华泰证券人工智能系列之二十一：基于遗传规划的选股因子挖掘,林晓明，陈烨,25p,17
2019-02-14,财通证券,财通证券“星火”多因子专题报告（三）：Barra模型深化，纯因子组合构建,陶勤英，,21p,18
2019-06-20,渤海证券,渤海证券多因子模型研究系列之九：Barra风险模型（CNE6）之纯因子构建与因子合成,宋旸，张世良,25p,19
2019-06-21,渤海证券,渤海证券多因子模型研究系列之八：Barra风险模型（CNE6）之单因子检测,宋旸，张世良,38p,20
2017-11-08,华泰证券,华泰证券行业轮动系列之一：基于通用回归模型的行业轮动策略,林晓明,33p,21
2018-04-10,天风证券,天风证券多因子模型的业绩归因评价体系（2018-04-10）,吴先兴，,21p,22
2017-04-29,光大证券,光大证券多因子系列报告之二：因子测试全集,,35p,23
2017-09-04,光大证券,光大证券多因子系列报告之五：见微知著，成交量占比高频因子解析,刘均伟,24p,24
2018-06-01,华泰证券,华泰证券量化多因子指数增强策略实证：指数增强方法汇总及实例,林晓明,28p,25
2019-02-26,西南证券,西南证券因子选股系列：BARRA中国市场模型（CNE6）解读,邓璎函，王挺,30p,26
2017-10-18,中信建投,中信建投大数据研究之五：大数据、机器学习、深度学习在投资领域应用的方法论概述,丁鲁明，喻银尤,27p,27
2019-08-08,华泰证券,华泰证券人工智能系列之二十三：再探基于遗传规划的选股因子挖掘,林晓明，陈烨,32p,28
2019-03-11,国盛证券,国盛证券因子择时的三个标尺：因子动量、因子离散度与因子拥挤度,林志朋，刘富兵,33p,29
2018-07-27,华泰证券,华泰证券人工智能系列之十二：人工智能选股之特征选择,林晓明,25p,30
2018-02-02,中信建投,中信建投大数据人工智能研究之六：机器学习因子有效性分析,丁鲁明，喻银尤,22p,31
2016-07-08,方正证券,方正证券“聆听高频世界的声音”系列研究（三）：跟踪聪明钱，从分钟行情数据到选股因子,魏建榕，高子剑,8p,32
2018-05-18,华泰证券,华泰证券多因子系列之七：华泰单因子测试之资金流向因子,林晓明,39p,33
2018-08-30,中信建投,中信建投因子深度研究系列：Barra风险模型介绍及与中信建投选股体系的比较,丁鲁明，陈升锐,35p,34
2018-01-05,天风证券,天风证券商品期货CTA专题报告（四）：库存基本面与动量技术面共振的投资策略,吴先兴,26p,35
2016-09-07,方正证券,方正证券“聆听高频世界的声音”系列研究（四）：持仓量的奥义，从交易行为到CTA策略,魏建榕，高子剑,7p,36
2016-12-22,华泰证券,华泰证券多因子系列之四：单因子测试之动量类因子,林晓明,45p,37
2017-03-22,天风证券,天风证券商品期货CTA专题报告（三）：策略的趋势过滤,吴先兴,14p,38
2017-01-10,华泰证券,华泰证券多因子系列之五：华泰单因子测试之换手率类因子,林晓明,48p,39
2018-03-08,华泰证券,华泰证券行业轮动系列之二：周期视角下的行业轮动实证分析,林晓明,71p,40
2019-01-04,华泰证券,华泰证券多因子系列之十：因子合成方法实证分析,林晓明，陈烨,39p,41
2017-10-20,中信建投,中信建投大数据研究之五：大数据、机器学习、深度学习在投资领域应用的方法论概述（2017-10-18）,丁鲁明，喻银尤,27p,42
2017-03-30,华泰证券,华泰证券多因子系列之六：华泰单因子测试之波动率类因子,林晓明,42p,43
2017-09-04,光大证券,光大证券FOF专题系列报告之四：基于动态风险预算的多策略资产配置,蒋俊阳,23p,44
2016-11-03,华泰证券,华泰证券多因子系列之三：华泰单因子测试之成长类因子,林晓明,50p,45
2019-05-23,华泰证券,华泰证券多因子系列之十一：华泰单因子测试之海量技术因子,林晓明，陈烨,36p,46
2017-07-25,光大证券,光大证券FOF专题系列报告之三：量化资产配置与FOF投资,蒋俊阳,24p,47
2017-09-26,中信建投,中信建投基本面量化系列研究之八：周期行业基本面量化之钢铁篇,丁鲁明，段伟良,23p,48
2016-07-28,华泰证券,华泰证券风险平价模型实证研究：风险平价模型在大类资产配置及行业配置中的应用,林晓明,19p,49
2017-10-11,渤海证券,渤海证券多因子模型研究之一：单因子测试,宋旸，李莘泰,33p,50
2018-05-28,华泰证券,华泰证券多因子系列之八：华泰单因子测试之财务质量因子,林晓明,54p,51
2020-06-15,华泰证券,华泰证券人工智能系列三十二： AlphaNet，因子挖掘神经网络,林晓明，陈烨，李子钰,24p,52
2018-11-28,华泰证券,华泰证券人工智能系列之十四：对抗过拟合，从时序交叉验证谈起,林晓明，陈烨,29p,53
2017-12-28,光大证券,光大证券技术择时系列研究：RSRS指标择时及行业轮动,刘均伟,28p,54
2017-10-30,天风证券,天风证券金工专题报告：因子正交全攻略，理论、框架与实践,吴先兴，,20p,55
2017-02-13,天风证券,天风证券商品期货CTA专题报告（一）：量化CTA策略概述,吴先兴,16p,56
2019-06-04,光大证券,光大证券FOF专题系列研究之十三：可转债基金的投资价值与分析方法研究,邓虎,33p,57
2018-04-03,渤海证券,渤海证券金融工程CTA策略专题报告之九：成交量、持仓量、时间、空间在趋势策略中的应用,郝倞,32p,58
2018-04-10,光大证券,光大证券FOF专题系列报告之六：基于指数重构的债券基金收益分解八因子模型,刘均伟,21p,59
2016-07-25,国海证券,国海证券多因子模型系列报告之二：研究量化Alpha选股策略,代鹏举,22p,60
2018-03-10,光大证券,光大证券多因子系列报告之十：因子正交与择时，基于分类模型的动态权重配置,刘均伟，周萧潇,23p,61
2020-02-20,华泰证券,华泰证券人工智能系列之二十八：基于量价的人工智能选股体系概览,林晓明，陈烨，李子钰,24p,62
2019-05-17,天风证券,天风证券商品期货CTA专题报告（八）：基于期限结构稳定性判断的展期收益策略详解,吴先兴,21p,63
2018-01-31,天风证券,天风证券商品期货CTA专题报告（五）：我国商品期货分类及异质性基本面分析概述,吴先兴,18p,64
2017-09-29,渤海证券,渤海证券金融工程CTA策略专题报告之七：海龟交易系统测试,崔健，郝倞,22p,65
2018-03-09,方正证券,方正证券FOF系列专题（一）：见微知著，债券基金分析体系,韩振国,19p,66
2019-03-19,国盛证券,国盛证券量化专题报告：券商行业基本面量化——择时与选股,段伟良，刘富兵,22p,67
2019-04-08,国盛证券,国盛证券宏观逻辑的量化验证：动态因子模型,叶尔乐，刘富兵,25p,68
2019-09-11,国盛证券,国盛证券资产配置vs风险配置：打造一个系统化的宏观风险配置框架,林志朋，刘富兵,31p,69
2018-12-14,东吴证券,东吴证券“订单簿的温度”系列研究（一）：反转因子的精细结构,魏建榕，高子剑，傅开波,13p,70
2018-08-05,光大证券,光大证券多因子系列报告之十三：组合优化算法探析及指数增强实证,刘均伟，周萧潇,22p,71
2019-04-04,浙商证券,浙商证券【人工智能系列】：“指数增强”新思维——人工智能+传统金融,包赞,28p,72
2019-11-27,华泰证券,华泰证券人工智能系列之二十六：遗传规划在CTA信号挖掘中的应用,林晓明，陈烨，李子钰,22p,73
2018-12-11,中信建投,中信建投2019年投资策略报告：基本面量化投资新时代,丁鲁明，王赟杰，陈元骅，,81p,74
2018-02-09,天风证券,天风证券商品期货CTA专题报告（六）：基本面分析框架下的黑色系商品库存预测,吴先兴,19p,75
2018-06-07,光大证券,光大证券技术形态选股系列报告之三：抽丝剥茧解缠论,刘均伟，,25p,76
2018-12-27,天风证券,天风证券金工行业轮动系列报告之二：行业分层轮动模型,吴先兴，陈奕,25p,77
2019-02-20,国盛证券,国盛证券多因子系列之二：Alpha因子高维度与非线性问题，基于Lasso的收益预测模型,刘富兵，丁一凡,21p,78
2016-10-17,方正证券,方正证券“聆听高频世界的声音”系列研究（五）：凤鸣朝阳，股价日内模式中蕴藏的选股因子,魏建榕，高子剑,9p,79
2019-05-21,财通证券,财通证券“星火”多因子专题报告（五）：源于动量，超越动量，特质动量因子全解析,陶勤英，,32p,80
2019-01-02,光大证券,光大证券多因子系列报告之十八：因子择时的“是”与“非”,周萧潇，刘均伟,28p,81
2019-01-11,浙商证券,浙商证券【FOF量化系列】：“运气”还是“实力”？—探秘基金经理Alpha,包赞,20p,82
2017-06-15,光大证券,光大证券技术择时系列研究之二：RSRS择时及行业轮动,,29p,83
2018-11-20,国盛证券,国盛证券量化专题报告：系统化宏观视角下的资产分析框架,林志朋，刘富兵,26p,84
2020-02-07,华泰证券,华泰证券人工智能系列之二十七：揭开机器学习模型的“黑箱”,林晓明，陈烨，李子钰,33p,85
2019-08-04,光大证券,光大证券银行理财子公司产品研究系列之一：银行理财子公司产品现状及布局前瞻,邓虎,22p,86
2017-06-19,光大证券,光大证券资产配置系列报告之一：大类资产配置模型初探,刘均伟,23p,87
2018-11-14,爱建证券,爱建证券量化资产配置系列报告：从不同维度和角度探索风险平价资产配置方法的稳定性,张志鹏,24p,88
2017-08-03,中信建投,中信建投金融工程研究：深度解析Hurst模型的打开方式,丁鲁明，王赟杰,20p,89
2018-01-30,中信建投,中信建投“行业基本面量化”系列思考之一：ROE&PB在行业配置中真的有效吗？,丁鲁明,27p,90
2020-05-15,国盛证券,国盛证券大类资产定价系列之二：利率债收益预测框架,林志朋，刘富兵,39p,91
2018-05-29,光大证券,光大证券FOF专题系列报告之八：量化视角下的资产配置,蒋俊阳,24p,92
2017-11-23,光大证券,光大证券多因子系列报告之七：基于K线最短路径构造的非流动性因子,刘均伟,25p,93
2017-11-21,方正证券,方正证券“市场行为的宝藏”系列研究（一）：行业轮动的黄金律，日内动量与隔夜反转,魏建榕，高子剑,8p,94
2017-08-16,方正证券,方正证券蜘蛛网研究心得：最美CTA信号,魏建榕，高子剑,5p,95
2019-04-11,华泰证券,华泰证券人工智能系列之十八：机器学习选股模型的调仓频率实证,林晓明，陈烨,18p,96
2019-03-15,华泰证券,华泰证券人工智能系列之十七：人工智能选股之数据标注方法实证,林晓明，陈烨,26p,97
2019-06-14,华泰证券,华泰证券多因子系列之十二：桑土之防，结构化多因子风险模型,林晓明，陈烨,33p,98
2018-05-03,华泰证券,华泰证券人工智能系列之十一：人工智能选股之stacking集成学习,林晓明,28p,99
2020-05-09,华泰证券,华泰证券人工智能系列之三十一：生成对抗网络GAN初探,林晓明，陈烨，李子钰,36p,100
2017-08-13,方正证券,方正证券“聆听高频世界的声音”系列研究（六）：本福特的启示，从分钟成交量看机构痕迹,魏建榕，高子剑,8p,101
2017-03-09,天风证券,天风证券商品期货CTA专题报告（二）：日间趋势策略初探,吴先兴,14p,102
2019-12-26,天风证券,天风证券商品期货CTA专题报告（十）：基本面逻辑下的因子改进与策略组合（横截面篇）,吴先兴,23p,103
2018-12-12,爱建证券,爱建证券量化资产配置系列报告：加入协偏度和协峰度的高阶矩资产配置方法,张志鹏,21p,104
2019-01-16,爱建证券,爱建证券量化资产配置系列报告：透过基金特征与业绩表现的关系指引FOF资产配置,张志鹏,24p,105
2019-09-04,华泰证券,华泰证券人工智能系列之二十四：真假序列识别研究，投石问路，技术分析可靠否？,林晓明，陈烨,32p,106
2019-03-25,国盛证券,国盛证券多因子系列之四：对价值因子的思考和改进,刘富兵，李林井,20p,107
2019-05-15,浙商证券,浙商证券【大类资产配置系列】：从未来到现在——动态资产配置策略框架介绍,包赞,30p,108
2019-04-23,东方证券,东方证券《FOF系列研究二》：公募基金产品与基金经理评价,朱剑涛，邱蕊,29p,109
2020-04-13,天风证券,天风证券金工专题报告：基于净利润断层的选股策略,张欣慰,19p,110
2019-11-07,国盛证券,国盛证券大类资产定价系列之一：可转债的择时与择券,林志朋，刘富兵,29p,111
2019-08-12,浙商证券,浙商证券【行业轮动系列（一）】：基于相关性的行业轮动模型——计量经济+机器学习,包赞,24p,112
2017-06-14,光大证券,光大证券技术择时系列报告之二：阻力支撑相对强度（RSRS）择时及行业轮动,,20p,113
2016-06-23,中信建投,中信建投基本面量化系列之五：再谈美林时钟模型在中美市场的有效性，投资时钟指路，量化大类资产轮动破局,丁鲁明,25p,114
2019-04-04,光大证券,光大证券多因子系列报告之十九：Alpha3.0，基本面优选多因子组合,周萧潇，刘均伟,26p,115
2019-01-15,光大证券,光大证券机器学习系列报告之一：机器学习，开拓金融量化新前沿,刘均伟,23p,116
2018-06-15,天风证券,天风证券金工专题报告：基本面量化视角下的医药行业选股研究,吴先兴，,34p,117
2017-03-17,华泰证券,华泰证券五因子模型A股实证研究：Fama-French 五因子模型实证,林晓明,22p,118
2020-06-18,东吴证券,东吴证券“高频价量相关性拥抱CTA”系列研究（一）：CPV因子期货版,高子剑，沈芷琦,13p,119
2019-02-14,华泰证券,华泰证券华泰人工智能系列之十五：人工智能选股之卷积神经网络,林晓明，陈烨,21p,120
2020-06-07,光大证券,光大证券多因子系列报告之三十四：层层递进，基于卖方分析师推荐的选股策略,周萧潇，刘均伟,26p,121
2020-06-07,光大证券,光大证券FOF专题研究系列之十九：“固收+”产品正当时，打新基金筛选除了入围率还应关注什么？,刘均伟,33p,122
2017-06-15,天风证券,天风证券量化选股模型：戴维斯双击！,吴先兴,12p,123
2018-04-18,西南证券,西南证券金融工程专题报告：大类资产配置模型的解析与探讨,邓璎函,30p,124
2019-04-29,华泰证券,华泰证券人工智能系列之二十：必然中的偶然，机器学习中的随机数,林晓明，陈烨,24p,125
2016-12-29,渤海证券,渤海证券金融工程CTA策略专题报告之一：初识量化趋势交易体系,潘炳红，郝倞,16p,126
2018-10-25,华泰证券,华泰证券行业轮动系列报告之四：动量增强因子在行业配置中的应用,林晓明,26p,127
2019-03-13,华泰证券,华泰证券行业轮动系列报告之六：“华泰周期轮动”基金组合构建,林晓明,30p,128
2016-09-01,华泰证券,华泰证券BL模型行业配置实证研究：Black~Litterman模型在行业配置中的应用,林晓明,13p,129
2019-03-21,光大证券,光大证券资产配置定量研究系列之一：寻根溯源，大类资产表现驱动因子体系初探,邓虎,26p,130
2018-06-03,东吴证券,东吴证券可转债研究系列四：股债轮动，可转债股性和债性的博弈,高子剑，姚育婷,22p,131
2020-06-03,华泰证券,华泰证券中观基本面轮动系列之三：行业全景画像，风格因子视角,林晓明，李聪,26p,132
2018-12-19,光大证券,光大证券FOF专题系列报告之十：明风格，定方向，权益基金风格识别研究,刘均伟,22p,133
2017-07-26,光大证券,光大证券技术指标系列报告之三：阻力支撑相对强度（RSRS）选股,刘均伟,21p,134
2019-01-02,东吴证券,东吴证券基金评价：债券基金风格归因,姚育婷，高子剑,20p,135
2017-11-17,天风证券,天风证券资产配置策略研究之二：引入衰减加权和趋势跟踪的主成分风险平价模型研究,吴先兴,36p,136
2020-02-24,东吴证券,东吴证券“技术分析拥抱选股因子”系列研究（一）：高频价量相关性，意想不到的选股因子,高子剑，沈芷琦,19p,137
2018-07-05,天风证券,天风证券金工专题报告：基于自适应风险控制的指数增强策略,吴先兴，,20p,138
2017-05-04,光大证券,光大证券多因子系列报告之三：多因子组合光大Alpha1.0,,21p,139
2018-08-17,华泰证券,华泰证券行业轮动系列报告之三：财务质量因子在行业配置中的应用,林晓明,32p,140
2018-04-16,渤海证券,渤海证券多因子模型研究之三：风险模型与组合优化,宋旸，李莘泰,18p,141
2020-04-24,华泰证券,华泰证券人工智能系列之三十：从关联到逻辑，因果推断初探,林晓明，陈烨，李子钰,24p,142
2018-01-29,财通证券,财通证券转债定价专题研究（1）：可转债定价方法综述,陶勤英,14p,143
2019-02-21,华泰证券,华泰证券Smart Beta系列之一：Smart Beta，乘风破浪趁此时,林晓明，陈烨,28p,144
2017-11-24,方正证券,方正证券“市场行为的宝藏”系列研究（二）：抢跑者的脚步声，基于价量互动的选股因子,魏建榕，高子剑,15p,145
2020-02-10,华泰证券,华泰证券行业轮动系列报告之十二：拥挤度指标在行业配置中的应用,林晓明，李聪，刘志成,24p,146
2019-07-04,国盛证券,国盛证券多因子系列之七：对成长的分解及多维度寻找成长因子,刘富兵，李林井,20p,147
2018-10-18,天风证券,天风证券金工行业轮动系列报告之一：基于现金流与折现率的板块轮动策略,吴先兴，陈奕,16p,148
2019-02-25,国盛证券,国盛证券因子择时系列之一：风险溢价时钟视角下的攻守因子配置,林志朋，刘富兵,25p,149
2018-04-15,光大证券,光大证券多因子系列报告之十一：爬罗剔抉，一致预期因子分类与精选,刘均伟，周萧潇,25p,150
2018-12-03,东方证券,东方证券《因子选股系列研究之四十八》：Alpha与Smart Beta,朱剑涛,27p,151
2018-08-02,华泰证券,华泰证券人工智能系列之十三：人工智能选股之损失函数的改进,林晓明,22p,152
2019-04-22,东方证券,东方证券FOF系列研究之一：国内公募基金历史发展与现状,朱剑涛，邱蕊,38p,153
2019-02-22,光大证券,光大证券机器学习系列报告之二：数据纵横，探秘K线结构新维度,刘均伟,40p,154
2018-06-04,天风证券,天风证券资产轮动策略研究（一）：不一样的宏观动量视角,吴先兴,26p,155
2020-05-25,国盛证券,国盛证券基本面量化系列思考（一）：当前哪些行业估值被低估？,段伟良，刘富兵,10p,156
2017-05-25,国信证券,国信证券金融工程专题研究：白马股量化选股模型,吴子昱，黄志文,15p,157
2016-05-31,国信证券,国信证券机器学习专题研究：Adaboost算法下的多因子选股,黄志文,19p,158
2019-03-29,渤海证券,渤海证券多因子模型研究系列之七：使用多因子框架的沪深300指数增强模型,宋旸，张世良,20p,159
2019-06-15,光大证券,光大证券多因子系列报告之二十二：再论动量因子,周萧潇，刘均伟,20p,160
2017-05-24,国信证券,国信证券金融工程专题研究：递归神经网络RNN，长短期记忆细胞（LSTM）的多因子预测,黄志文,22p,161
2017-02-24,民生证券,民生证券CTA策略巡礼：从趋势到套利,徐玉宁，马自妍,21p,162
2019-08-15,天风证券,天风证券金工专题报告：现金流、折现率、集中度三维度因子择时体系,吴先兴，陈奕,26p,163
2019-06-25,天风证券,天风证券量化排雷指南：从问询函和财务异常说起,吴先兴，,36p,164
2017-05-01,方正证券,方正证券CTA专题研究：蜘蛛网拥抱商品期货,魏建榕，高子剑,13p,165
2018-03-05,光大证券,光大证券FOF专题系列报告之五：基于RSRS策略改进的资产配置研究,蒋俊阳,20p,166
2019-05-26,光大证券,光大证券资产配置定量研究系列之二：从大类资产的驱动因子到择时因子,邓虎,26p,167
2017-08-23,华泰证券,华泰证券价值选股之现金流因子研究：现金流因子选股策略实证研究,林晓明，王湘,89p,168
2018-12-07,天风证券,天风证券金工专题报告：股息率因子全解析,吴先兴，,19p,169
2020-05-14,天风证券,天风证券市场微观结构探析系列之四：结合中高频信息的指数增强策略,吴先兴,28p,170
2018-11-30,华泰证券,华泰证券行业轮动系列报告之五：估值因子在行业配置中的应用,林晓明,23p,171
2018-03-11,光大证券,光大证券技术形态选股系列报告之二：行流散徙论均线,刘均伟，,31p,172
2019-06-18,华泰证券,华泰证券人工智能系列之二十二：基于CSCV框架的回测过拟合概率,林晓明，陈烨,22p,173
2019-10-18,光大证券,光大证券多因子系列报告之二十六：创新基本面因子，财务数据全扫描,刘均伟，周萧潇，胡骥聪,20p,174
2017-08-31,东方证券,东方证券《因子选股系列研究之二十九》：质优股量化投资,朱剑涛,32p,175
2018-04-10,财通证券,财通证券期权CTA技术分析专题之一：趋势类技术指标在期权上的应用,陶勤英,34p,176
2016-07-14,华泰证券,华泰证券基金定投系列专题研究报告之一：基金定投，分析方法与理论基础,林晓明,19p,177
2018-06-03,财通证券,财通证券期权CTA技术分析专题之三：RSI技术指标组合策略,陶勤英,17p,178
2019-04-17,光大证券,光大证券多因子系列报告之二十：红利因子、低波因子的新构造,周萧潇，刘均伟,20p,179
2021-07-21,信达证券,信达证券场外衍生品研究系列之一：雪球结构定价与风险深度分析,于明明,26p,180
2018-09-26,浙商证券,浙商证券公募基金业绩可持续性分析【FOF量化系列】（2018-09-26）,包赞,18p,181
2019-04-24,华泰证券,华泰证券人工智能系列之十九：偶然中的必然，重采样技术检验过拟合,林晓明，陈烨,28p,182
2018-12-14,华泰证券,华泰证券多因子系列之九：华泰单因子测试之一致预期因子,林晓明，陈烨,29p,183
2017-09-19,天风证券,天风证券金工专题报告：基于半衰主成分风险平价模型的全球资产配置策略研究,吴先兴,19p,184
2020-04-24,光大证券,光大证券行业轮动系列研究之宏观篇：量化模型与宏观逻辑的碰撞,董天韵，刘均伟，谢超，周子彭,31p,185
2018-05-27,光大证券,光大证券多因子系列报告之十二：成长因子重构与优化，稳健加速为王,刘均伟，周萧潇,23p,186
2018-12-28,华宝证券,华宝证券金融工程专题报告：风险因子、业绩归因与指数化投资,张青，余景辉,13p,187
2019-01-27,天风证券,天风证券商品期货CTA专题报告（七）：预期外宏观因子对商品期货价格的冲击影响研究,吴先兴,18p,188
2020-05-11,国盛证券,国盛证券因子投资2020（三）：对当下风格轮动的三点思考,林志朋，刘富兵,9p,189
2017-06-05,光大证券,光大证券FOF专题系列报告之一：探寻投资策略，迎接公募FOF,,26p,190
2018-03-10,光大证券,光大证券技术择时系列报告之三：放量恰是入市时，成交量择时初探,刘均伟,22p,191
2019-09-10,财通证券,财通证券“星火”多因子专题（七）：借因子组合之力，优化Alpha因子合成,陶勤英，,13p,192
2017-04-12,方正证券,方正证券CTA专题研究：蜘蛛网爱国债期货,魏建榕，高子剑,12p,193
2018-11-02,东吴证券,东吴证券可转债研究系列六：发现价格异动，捕捉转债套利机会,姚育婷，高子剑,25p,194
2019-06-17,渤海证券,渤海证券金融工程CTA策略专题报告之十：VN.PY框架介绍及风险平价模型在CTA策略中的应用,郝倞,15p,195
2016-05-31,国信证券,国信证券机器学习专题研究：SVM算法选股以及Adaboost增强,黄志文,17p,196
2016-11-24,华泰证券,华泰证券基金定投系列专题研究报告之四：布林带与股息率择时定投模型,林晓明，黄晓彬,36p,197
2018-04-19,天风证券,天风证券金工风格轮动策略之二：资金流向与流动强度,吴先兴，陈奕,17p,198
2020-06-10,华安证券,华安证券高频视角下成交额蕴藏的Alpha：市场微观结构剖析之七,尹沿技,25p,199
2018-05-10,中信建投,中信建投基本面量化系列研究之十：量化视角看库存周期下大类板块的择时策略,丁鲁明，段伟良,22p,200
2019-03-27,爱建证券,爱建证券量化资产配置系列报告：基于Vanguard的VFMO框架构建资产组合，动量还是反转,张志鹏,28p,201
2018-09-26,国联证券,国联证券多因子研究系列之一：基于全市场的多因子选股策略,张晓春，黄子宸,22p,202
2019-10-16,华泰证券,华泰证券多因子系列之十三：华泰单因子测试之历史分位数因子,林晓明，陈烨,42p,203
2019-03-08,光大证券,光大证券FOF专题系列报告之十一：历史表现优秀的基金业绩能延续吗？,邓虎,26p,204
2017-09-30,渤海证券,渤海证券期权套利专题报告之一：利用高频数据初探期权与50ETF套利机会,崔健，李元玮,18p,205
2020-02-11,开源证券,开源证券金融工程专题：蜘蛛网CTA策略的5年总结,魏建榕,7p,206
2018-05-30,东吴证券,东吴证券基本面量化研究系列（一）：盈利因子改进，焕然一新的ROE,高子剑，张翔,18p,207
2018-02-05,天风证券,天风证券金工风格轮动策略之一：风格的重新定义,吴先兴，陈奕,16p,208
2020-06-05,东莞证券,东莞证券量化专题报告：“行为金融学”视角下的行业轮动之谜,包冬青,19p,209
2019-06-10,国信证券,国信证券金融工程专题研究：行为金融学系列之三，过度自信与中证500指数增强,黄志文，樊可雅,17p,210
2017-12-29,渤海证券,渤海证券金融工程CTA策略专题报告之八：以道氏理论为基础的顺势、整理体系,郝倞,22p,211
2018-09-09,光大证券,光大证券多因子系列报告之十五：创新基本面因子，提纯净利数据中的选股信息,刘均伟,25p,212
2017-07-12,中信建投,中信建投金融工程研究：基于Black-Litterman的多策略资产配置策略,丁鲁明,27p,213
2020-03-27,华泰证券,华泰证券中观基本面轮动系列之二：行业全景画像，宏观因子视角,林晓明，李聪，刘志成,41p,214
2018-08-03,天风证券,天风证券基本面量化视角下的食品饮料行业选股研究（2018-08-03）,吴先兴，,24p,215
2019-04-26,东吴证券,东吴证券“订单簿的温度”系列研究（二）：逐笔成交中的帕累托因子,魏建榕，高子剑，傅开波,15p,216
2018-03-10,光大证券,光大证券技术形态选股系列报告之一：开宗明义论形态,刘均伟，,22p,217
2019-02-14,华泰证券,华泰证券人工智能系列之十五：人工智能选股之卷积神经网络,林晓明，陈烨,21p,218
2018-02-22,东吴证券,东吴证券可转债研究系列（二）：了解转债条款，寻找价值“洼地”,高子剑，姚育婷,16p,219
2019-04-17,光大证券,光大证券指数化投资研究系列之三：Smart Beta的前世今生,邓虎,25p,220
2018-08-06,光大证券,光大证券多因子系列报告之十四：创新基本面因子，财务数据间线性关系初窥,刘均伟,26p,221
2018-02-27,光大证券,光大证券金融工程深度：基于业绩趋势的行业轮动模型,刘均伟,23p,222
2017-12-18,中信建投,中信建投2018年投资策略报告之金融工程篇：公募FOF启航，资产配置元年,丁鲁明,61p,223
2018-04-10,渤海证券,渤海证券金融工程CTA策略专题报告之十：商品期货展期收益策略初探,郝倞,10p,224
2020-03-31,渤海证券,渤海证券多因子模型研究系列之十三：基于机器学习模型的因子择时框架,宋旸，张世良,18p,225
2018-11-04,光大证券,光大证券多因子系列报告之十七：以质取胜，EBQC综合质量因子详解,周萧潇，刘均伟,25p,226
2019-05-09,国盛证券,国盛证券多因子系列之五：使用预测数据改进财报月基本面因子,殷明，刘富兵,23p,227
2019-08-04,光大证券,光大证券多因子系列报告之二十三：沪深300指数增强模型构建与测试,周萧潇，刘均伟,21p,228
2017-08-09,天风证券,天风证券FOF专题研究（四）：景顺长城沪深300增强指数型基金,吴先兴,26p,229
2016-08-23,华泰证券,华泰证券基金定投系列专题研究报告之二：基金定投，投资标的与时机的选择方法,林晓明，黄晓彬,23p,230
2018-05-29,光大证券,光大证券技术指标系列报告之五：行业轮动，从动量谈起,刘均伟,22p,231
2020-06-16,华泰证券,华泰证券行业基本面轮动系列之四：行业全景画像，改进杜邦拆解视角,林晓明，李聪,39p,232
2018-08-03,光大证券,光大证券FOF专题系列报告之九：溯本求源，基于风险模型精选优质基金——FOF专题系列报告之九,刘均伟,25p,233
2017-11-17,天风证券,天风证券金工专题报告：协方差矩阵的常用估计和评价方法,吴先兴，,21p,234
2019-08-09,国盛证券,国盛证券量化专题报告：宏观逻辑的量化验证，国债利率先行指标体系构建,叶尔乐，刘富兵,38p,235
2017-05-02,光大证券,光大证券多因子系列报告之三：多因子组合“光大Alpha 1.0”,,21p,236
2019-07-02,财通证券,财通证券“拾穗”多因子系列报告（第14期）：补充，基于特质动量因子的沪深300指数增强策略,陶勤英，,22p,237
2018-04-10,天风证券,天风证券基于基础数据的分析师一致预期指标构建（2018-04-10）,吴先兴，,32p,238
2019-04-09,财通证券,财通证券“拾穗”多因子系列（8）非线性规模因子：A股市场存在中市值效应吗？,陶勤英，,21p,239
2018-12-06,方正证券,方正证券“因子七十二变”系列之四：基于价量互动的选股因子3，量价抢跑，推陈出新,韩振国,18p,240
2019-10-15,财通证券,财通证券“星火”多因子专题报告（八）：组合风险控制，协方差矩阵估计方法介绍及比较,陶勤英，,23p,241
2020-05-22,国盛证券,国盛证券量化专题报告：多因子系列之十一，主题的风险与收益,刘富兵，丁一凡,24p,242
2019-09-05,天风证券,天风证券市场微观结构探析系列之二：订单簿上的alpha,吴先兴,13p,243
2018-11-01,华泰证券,华泰证券指数增强基金分析系列之二：酌古御今，指数增强基金收益分析,林晓明，陈烨,41p,244
2020-07-21,华泰证券,华泰证券CTA组合策略助力资产配置：基于风险平价的CTA组合策略,林晓明，李聪,27p,245
2019-12-24,华泰证券,华泰证券行业轮动系列报告之十一：基于投入产出表的产业链分析,林晓明，李聪，刘志成,38p,246
2020-01-06,光大证券,光大证券多因子系列报告之二十七：ESG投资与ESG因子策略,周萧潇，刘均伟,23p,247
2019-04-01,财通证券,财通证券“拾穗”多因子系列报告（第7期）：从纯因子组合的角度看待多重共线性,陶勤英，,19p,248
2019-06-04,爱建证券,爱建证券金融数量方法论系列报告：资产配置的基石，组合优化问题的核心概念,张志鹏,21p,249
2019-08-27,爱建证券,爱建证券量化资产配置系列报告：结合回归树的BL资产配置模型的实践运用,张志鹏,22p,250
2019-04-22,财通证券,财通证券场外期权专题之三：期权对冲方案设计,陶勤英,20p,251
2017-01-17,渤海证券,渤海证券债券信用评级专题报告：流程、框架、模型与方法,祝涛，冯振,34p,252
2018-09-10,爱建证券,爱建证券量化资产配置专题报告：《基于权重调整频率和协方差矩阵改善来提高资产配置方法的可能性》,张志鹏,21p,253
2018-06-12,中信建投,中信建投2018年中期投资策略报告之金融工程篇：论量化基本面与资产配置的高效整合,丁鲁明，王赟杰，喻银尤，陈元骅，,54p,254
2017-09-04,光大证券,光大证券衍生品研究系列报告之二：期权期货共振择时,蒋俊阳,29p,255
2019-11-19,华泰证券,华泰证券人工智能系列二十五——真假序列识别再探：市场弱有效性检验与择时战场选择,林晓明，陈烨,31p,256
2017-05-09,华泰证券,华泰证券金工周期系列研究：金融经济系统周期的确定,林晓明，黄晓彬,61p,257
2018-05-07,光大证券,光大证券FOF专题系列报告之七：有的放矢，目标日期基金Glide Path设计研究,蒋俊阳,25p,258
2020-03-04,华泰证券,华泰证券中观基本面轮动系列之一：确立研究对象，行业拆分与聚类,林晓明，李聪，刘志成,24p,259
2017-11-29,光大证券,光大证券衍生品研究系列报告之三：基于布林带择时的期权交易策略优化,蒋俊阳，,21p,260
2018-12-28,国信证券,国信证券金融工程专题研究：递归神经网络RNN，长短期记忆细胞（LSTM）的分行业多因子预测,黄志文，,29p,261
2018-07-02,天风证券,天风证券金工风格轮动策略之三：溢价追本溯源，现金流与折现率,陈奕,21p,262
2019-06-28,渤海证券,渤海证券金融工程CTA策略专题报告之十一：遗传算法在参数优化中的应用,郝倞,13p,263
2018-04-16,财通证券,财通证券期权CTA技术分析专题之二：反趋势技术指标在期权上的应用,陶勤英,22p,264
2019-03-17,财通证券,财通证券“拾穗”多因子系列报告（第5期）：数据异常值处理，比较与实践,陶勤英，,23p,265
2017-03-03,中信建投,中信建投大数据研究之指标构建：机器学习之贝叶斯文本分类算法的实现,丁鲁明，喻银尤,22p,266
2020-03-01,民生证券,民生证券量化选股系列报告之一：构建多因子策略的工匠精神,祁嫣然,32p,267
2018-12-06,方正证券,方正证券“因子七十二变”系列之三：基于价量互动的选股因子2，量价齐飞，水天一色,韩振国,20p,268
2019-08-27,财通证券,财通证券“星火”多因子专题报告（六）：Alpha因子重构，引入协方差矩阵的因子有效性检验,陶勤英，,17p,269
2017-03-28,渤海证券,渤海证券金融工程CTA策略专题报告之五：量化体系之组合测试,崔健，郝倞,15p,270
2020-05-16,开源证券,开源证券市场微观结构研究系列（7）：振幅因子的隐藏结构,魏建榕,12p,271
2019-09-12,华泰证券,华泰证券行业轮动系列报告之九：景气度指标在行业配置中的应用,林晓明，李聪，刘志成,31p,272
2017-12-03,东方证券,东方证券《因子选股系列研究之三十二》：分析师研报的数据特征与alpha,朱剑涛，王星星,41p,273
2016-12-30,渤海证券,渤海证券金融工程CTA策略专题报告之四：量化体系之黑色板块子策略,潘炳红，郝倞,23p,274
2017-09-19,天风证券,天风证券金工专题报告：基于风格因子视角的FOF投资策略研究,吴先兴,13p,275
2017-07-31,民生证券,民生证券量化CTA：趋势交易面面观,徐玉宁，马自妍,38p,276
2017-09-19,方正证券,方正证券CTA专题研究：基于平稳过程的CTA策略增强框架,高子剑,15p,277
2020-02-27,方正证券,方正证券市场微观结构剖析系列6：量价关系的高频乐章,朱定豪，,27p,278
2020-03-04,光大证券,光大证券FOF专题研究系列之十八：如何通过因子去寻找主动权益基金的能力圈？,邓虎,25p,279
2019-09-29,华泰证券,华泰证券金工量化择时系列：波动率与换手率构造牛熊指标,林晓明，李聪，刘志成,20p,280
2019-02-13,国盛证券,国盛证券宏观逻辑的量化验证：映射关系混沌初开,叶尔乐，刘富兵,32p,281
2019-01-14,东方证券,东方证券因子选股系列之四十九：日内交易特征稳定性与股票收益,朱剑涛，王星星,24p,282
2020-04-24,光大证券,光大证券行业轮动系列研究之微观篇：基于股票因子映射的行业轮动方法,胡骥聪，刘均伟,18p,283
2019-01-13,光大证券,光大证券创新与养老产品研究系列之一：因地制宜，海外养老金业务开展历程借鉴与思考,刘均伟,29p,284
2019-07-02,光大证券,光大证券资产配置定量研究系列之三：返璞归真，再谈资产配置组合构建中的目标风险,邓虎,24p,285
2016-09-28,渤海证券,渤海证券商品期货套利策略：商品期货跨品种择时套利策略,潘炳红，郝倞,36p,286
2019-08-21,中信建投,中信建投因子深度研究系列：一致预期因子体系搭建,丁鲁明，陈升锐,32p,287
2019-09-12,渤海证券,渤海证券多因子模型研究系列之十：融合BL模型的上证50指数增强模型,宋旸，张世良,21p,288
2016-10-11,华泰证券,华泰证券基金定投系列专题研究报告之三：基金定投，马科维茨有效性检验,林晓明,28p,289
2018-06-06,中信建投,中信建投金融工程借鉴Blackrock产品体系的思考：因子投资，资产配置新思路,丁鲁明，,16p,290
2018-05-12,天风证券,天风证券行业景气度量化前瞻系列之一：从消费行业开始（上）,吴先兴,23p,291
2019-05-30,东方证券,东方证券《因子选股系列研究之五十六》：大小盘风格择时与投资运用,朱剑涛,20p,292
2018-03-06,方正证券,方正证券“远山”量化选股系列（一）：规矩，方正单因子测试之评价体系,韩振国,28p,293
2019-11-06,华泰证券,华泰证券行业轮动系列报告之十：不同协方差估计方法对比分析,林晓明，李聪，刘志成,33p,294
2020-06-01,国盛证券,国盛证券量化专题报告：多因子系列之十二，无形资产估值因子,刘富兵，李林井,21p,295
2017-06-01,兴业研究,兴业研究债券基金评价研究：细化分类，找到风格稳健的基金,杨路炜,6p,296
2017-06-14,光大证券,光大证券期权研究系列报告之一：期权卖方投资策略初探,,36p,297
2019-03-14,方正证券,方正证券“拾贝”市场研究笔记7：ESG投资策略介绍,杨仁文,15p,298
2019-01-24,浙商证券,浙商证券【大盘择时策略】：“风险偏好”计算与A股走势预测——基于风险中性测度,包赞,18p,299
2020-02-18,国盛证券,国盛证券多因子系列之十：行业内选股初探,刘富兵，丁一凡,22p,300
2017-12-29,渤海证券,渤海证券多因子模型研究之二：收益预测模型,宋旸，李莘泰,21p,301
2016-12-23,渤海证券,渤海证券场外期权专题报告之二：障碍期权的动态delta对冲策略研究,祝涛,17p,302
2017-09-21,天风证券,天风证券金工专题报告：基于动态风险控制的组合优化模型,吴先兴，,14p,303
2019-10-15,爱建证券,爱建证券金融数量方法论系列报告：资产配置中不可忽视的相关性分析，Pearson-Spearman-Kendall-Copula,张志鹏,25p,304
2020-06-14,国盛证券,国盛证券量化分析报告因子投资2020（四）：行业轮动的三个标尺,林志朋，刘富兵,17p,305
2020-04-08,华泰证券,华泰证券金工量化择时系列：牛熊指标在择时轮动中的应用探讨,林晓明，李聪，刘志成,22p,306
2020-03-20,华泰证券,华泰证券人工智能系列之二十九：提升超额收益，另类标签和集成学习,林晓明，陈烨，李子钰,35p,307
2018-02-26,天风证券,天风证券基于动态因子筛选的行业内选股实证研究：哪些行业应该单独选股？,吴先兴，,28p,308
2019-11-18,国盛证券,国盛证券基金ALPHA进化史：深入ALPHA的创造与湮灭,叶尔乐，刘富兵,23p,309
2019-02-25,财通证券,财通证券“拾穗”多因子系列报告（第2期）：你看到的不一定是你所想的，解密R方,陶勤英，,16p,310
2019-05-23,国盛证券,国盛证券量化专题报告：银行行业基本面量化，择时与选股,段伟良，刘富兵,19p,311
2019-03-10,财通证券,财通证券“拾穗”多因子系列报告（第4期）：总市值、流通市值、自由流通市值，谈谈取舍,陶勤英，,20p,312
2018-07-25,东吴证券,东吴证券可转债研究系列（五）：事件驱动，可转债之转股、赎回与下修,高子剑，姚育婷,17p,313
2019-01-16,东方证券,东方证券因子选股系列之五十：A股行业内选股分析总结,朱剑涛，张惠澍,26p,314
2019-01-15,东吴证券,东吴证券金工定期报告：“土拨鼠”短线择时模型,魏建榕，高子剑，姚育婷,7p,315
2020-04-01,国盛证券,国盛证券消费行业基本面量化：择时与选股,段伟良，刘富兵,21p,316
2019-03-24,财通证券,财通证券“拾穗”多因子系列报告（第6期）：因子缺失值处理，数以多为贵,陶勤英，,17p,317
2020-08-27,国信证券,国信证券FOF系列专题之一：基金业绩粉饰与隐形交易能力,张欣慰,22p,318
2018-11-22,天风证券,天风证券资产轮动策略研究（三）：“货币+信用”体系下大类资产的择时优化与动态配置,吴先兴,26p,319
2019-06-11,光大证券,光大证券FOF专题系列研究之十四：香港互认基金你了解多少？,邓虎,23p,320
2019-09-03,财通证券,财通证券“拾穗”多因子系列（18）：当我们在做因子正交化的时候，我们在做什么？,陶勤英，,13p,321
2019-12-17,西部证券,西部证券基金研究专题系列之一：股票型基金业绩及归因评价体系初论,王红兵,31p,322
2018-06-02,东方证券,东方证券《因子选股系列报告之四十》：因子择时,朱剑涛,25p,323
2018-07-26,渤海证券,渤海证券多因子模型研究系列之四：随机森林与传统多因子模型的选股风格对比,宋旸,25p,324
2017-12-12,民生证券,民生证券金融工程2018年年度策略：A股市场风格因子的运行特征及逻辑,徐玉宁，马自妍,39p,325
2019-04-18,光大证券,光大证券机器学习系列报告之三：拓展差分的操作域,刘均伟,21p,326
2020-04-16,光大证券,光大证券定向增发投资策略专题研究之二：资产端与资金端双双生变，定增投资标准化势不可挡,刘均伟，古翔,25p,327
2019-04-24,东方证券,东方证券因子选股系列之五十四：波动率因子的逻辑与非对称使用,朱剑涛，张惠澍,26p,328
2018-12-07,东兴证券,东兴证券金融工程多因子专题报告：资金流向因子，主力资金更聪明钱,杨若木，毛怡璇,32p,329
2019-10-08,光大证券,光大证券资产配置定量研究系列之五：基于动态宏观情境聚类的资产配置策略,邓虎,21p,330
2021-02-21,华泰证券,华泰证券深度研究：Brinson绩效归因模型原理与实践,林晓明，黄晓彬，张泽,32p,331
2019-01-04,华宝证券,华宝证券金融工程专题报告：多维度债券择时与FOF组合策略构建,张青，李亭函,14p,332
2019-05-06,光大证券,光大证券多因子系列报告之二十一：业绩趋势因子，捉业绩加速增长的超额收益,刘均伟，周萧潇,22p,333
2016-10-11,爱建证券,爱建证券数量化研究：高频选股因子梳理以及新因子探索,侯佳林,15p,334
2017-06-22,天风证券,天风证券研究报告：量化择时框架、仓位管理与市场展望，趋势、估值、背离、风险偏好,吴先兴,18p,335
2017-08-04,东方证券,东方证券因子选股系列研究之二十八：用机器学习解释市值，特异市值因子,朱剑涛,12p,336
2019-02-18,财通证券,财通证券“拾穗”系列定期报告（第1期）：带约束的加权最小二乘拟合，一种解析解法,陶勤英，,14p,337
2019-04-26,天风证券,天风证券金工行业轮动系列报告之三：板块重构下的行业分层轮动,吴先兴，陈奕,15p,338
2018-04-05,东吴证券,东吴证券蜘蛛网研究心得：信号的精炼,魏建榕，高子剑,7p,339
2018-05-18,中信建投,中信建投因子深度研究系列：特质波动率纯因子组合在A股的实证与研究,丁鲁明，喻银尤,22p,340
2019-09-25,天风证券,天风证券如何刻画因子对收益的真实预测效果（2019-09-25）,吴先兴，,30p,341
2018-07-20,渤海证券,渤海证券基金筛选模型专题报告之一：基于多因子模型思想的公募基金筛选模型,刘洋,36p,342
2016-12-29,渤海证券,渤海证券金融工程CTA策略专题报告之二：量化体系之农产品板块子策略,潘炳红，郝倞,16p,343
2019-03-08,华宝证券,华宝证券金融工程专题报告：因子轮动与因子投资，Smart Beta投资方法探讨,张青，余景辉,12p,344
2018-02-21,东方证券,东方证券因子选股系列研究三十三：反转因子择时研究,朱剑涛,16p,345
2019-03-28,中信建投,中信建投因子深度研究系列：因子衰减在多因子选股中的应用,丁鲁明，陈升锐,27p,346
2018-02-08,中信建投,中信建投基本面量化系列研究之九：宏观经济指标在风格配置中的运用,丁鲁明,16p,347
2016-06-30,国海证券,国海证券多因子模型系列报告之一：因子预测能力初探,代鹏举,25p,348
2018-07-12,中邮证券,中邮证券配对交易系列之二：基于时间序列的协整关系的配对交易,程毅敏,8p,349
2018-08-30,天风证券,天风证券资产轮动策略研究（二）：构建大类资产的“货币+信用”轮盘,吴先兴,25p,350
2020-02-09,开源证券,开源证券市场微观结构研究系列（3）：聪明钱因子模型的2.0版本,魏建榕,12p,351
2018-10-26,东方证券,东方证券因子选股系列研究之四十六：DFQ2018，绩效归因与基金投资分析工具,朱剑涛,33p,352
2018-06-08,中信建投,中信建投因子深度研究系列：宏观变量控制下的有效因子轮动,丁鲁明,23p,353
2019-03-27,天风证券,天风证券A股公司治理类因子解析（2019-03-27）,吴先兴，,30p,354
2019-02-11,财通证券,财通证券场外期权专题之一：国内外场外期权市场概况,陶勤英,27p,355
2017-10-26,东方证券,东方证券因子选股系列研究之二十九：细分行业建模之券商内因子研究,朱剑涛,16p,356
2019-07-16,财通证券,财通证券“拾穗”多因子系列报告（第15期）：是聪明钱吗？探析外资持股的风格偏好,陶勤英，,20p,357
2019-06-25,财通证券,财通证券拾穗多因子系列（13）：恼人的显著性检验，多因子模型中T值的计算,陶勤英，,19p,358
2020-05-22,方正证券,方正证券基本面量化系列1：银行行业基本面量化框架,杨仁文,16p,359
2017-07-27,光大证券,光大证券量化资产配置与FOF投资（2017-07-27）,蒋俊阳,32p,360
2018-08-07,光大证券,光大证券行业基本面选股系列报告之三：银行、非银，资产质量是关键,刘均伟,37p,361
2019-12-23,开源证券,开源证券市场微观结构研究系列（1）：A股反转之力的微观来源,魏建榕,12p,362
2019-05-14,财通证券,财通证券“拾穗”多因子系列：期中总结,陶勤英，,60p,363
2019-02-20,华泰证券,华泰证券人工智能系列之十六：再论时序交叉验证对抗过拟合,林晓明，陈烨,23p,364
2018-05-19,东吴证券,东吴证券因子方法论之二：协方差矩阵的估计和应用，以风险模型和最优化复合因子权重为例,高子剑，陈实,32p,365
2019-03-01,华宝证券,华宝证券金融工程专题报告：策略分类、策略配置与权益型FOF组合构建,张青，李亭函,14p,366
2019-04-16,财通证券,财通证券“拾穗”多因子系列报告（第9期）：牛市抢跑者，低Beta一定代表低风险吗？,陶勤英，,21p,367
2020-03-02,开源证券,开源证券市场微观结构研究系列（4）：A股行业动量的精细结构,魏建榕,10p,368
2017-09-16,天风证券,天风证券金融工程：利用组合优化构建投资组合,吴先兴,12p,369
2019-09-14,东方证券,东方证券FOF系列研究之十六：债券风险模型与债基绩效评估,朱剑涛，邱蕊,24p,370
2019-06-10,方正证券,方正证券“拾贝”市场研究笔记之10：公募基金股票投研的上下十年,朱定豪,20p,371
2020-05-12,开源证券,开源证券市场微观结构研究系列（6）：交易者行为与市值风格,魏建榕,11p,372
2019-12-02,方正证券,方正证券资产配置研究系列之一：通过风险平价与Black-Litterman打造稳定收益组合,宋家骥，,16p,373
2017-06-15,光大证券,光大金工事件研究体系介绍：量化选股之事件驱动,,41p,374
2020-03-03,浙商证券,浙商证券【基本面量化系列（一）】：PB-ROE-AI策略——让经典更经典,包赞，王小青,24p,375
2020-09-30,国信证券,国信证券金融工程专题研究：超预期投资全攻略,张欣慰,33p,376
2017-06-27,中信建投,中信建投2017年中期投资策略报告之金融工程篇：量化基本面方法论之再探索与实证,丁鲁明,53p,377
2019-08-14,光大证券,光大证券指数化投资研究系列之五：指数增强基金面面观,邓虎,30p,378
2018-10-24,银河证券,银河证券多因子系列：因子投资手册（二）,吴俊鹏,29p,379
2019-06-05,光大证券,光大证券创新与养老产品研究系列之二：加拿大养老基金公司投资策略及风险管理方法分析,邓虎，陈治中，陈彦彤,46p,380
2017-06-15,光大证券,光大证券FOF市场发展与展望：探寻投资策略，迎接公募FOF,,36p,381
2019-01-15,中信建投,中信建投因子深度研究系列：市值因子择时,丁鲁明，胡一江,17p,382
2020-04-29,光大证券,光大证券多因子系列报告之三十三：科技关联因子，专利数据再挖掘,周萧潇，刘均伟,22p,383
2019-04-22,财通证券,财通证券“拾穗”多因子系列报告（第10期）：行业的风格偏好，解析纯行业因子组合,陶勤英，,20p,384
2019-02-24,光大证券,光大证券行业基本面选股系列报告之十二：取精用弘，杜渐防萌,刘均伟，周萧潇,28p,385
2018-09-27,渤海证券,渤海证券行业基本面量化系列专题之三：有色金属行业择时及多因子选股模型研究,郝倞,27p,386
2019-11-27,东吴证券,东吴证券“ETF情绪温度计”系列研究（二）：从高频折溢价到CTA信号,高子剑，沈芷琦,11p,387
2018-12-27,渤海证券,渤海证券技术面量化系列专题之一：压力线和支撑线的识别算法及突破策略,祝涛,30p,388
2019-12-10,财通证券,财通证券“星火”多因子专题（九）：博彩偏好还是风险补偿？高频特质偏度因子全解析,陶勤英，,18p,389
2020-01-21,浙商证券,浙商证券【投研漫谈（一）】：多因子和人工智能谁是“正规军”？—兼谈金融预测框架,包赞，王小青,40p,390
2018-05-18,东方证券,东方证券因子选股系列研究之三十九：业绩超预期类因子,朱剑涛，王星星,21p,391
2015-12-07,东方证券,东方证券因子选股系列研究之三：投机、交易行为与股票收益（上）,朱剑涛,27p,392
2020-04-23,华泰证券,华泰证券海内外对冲基金发展历史及现状分析：稳中求胜，对冲基金的前世今生,林晓明，陈烨，李子钰,29p,393
2019-03-07,华宝证券,华宝证券金融工程专题报告：行业轮动与权益型FOF组合构建,张青，贾依廷,14p,394
2018-11-25,光大证券,光大证券技术形态选股系列报告之五：司空见惯叙指标,刘均伟，,23p,395
2018-09-19,华宝证券,华宝证券金融工程专题报告：多因子风格轮动及基于风格加权的FOF组合策略,张青，余景辉,15p,396
2017-12-11,中信建投,中信建投金融工程专题：可转债发行详解，从前世今生到投资机会,丁鲁明,20p,397
2018-09-08,华宝证券,华宝证券理财新规下的银行委外投资思考：策略评价、产品评价融合意义与方法,杨宇，张青，李真，蔡梦苑，李亭函,25p,398
2020-05-12,财通证券,财通证券“星火”多因子系列报告（十三）：从事件驱动角度看分析师评级上调带来的Alpha,陶勤英，,18p,399
2018-04-02,渤海证券,渤海证券期权策略专题研究之一：期权波动率方向交易策略,祝涛,17p,400
2019-08-13,财通证券,财通证券“拾穗”多因子系列报告（第17期）：因子检验中的时序相关性处理，Newey-West调整,陶勤英，,11p,401
2020-05-01,西部证券,西部证券因子研究系列专题：行业轮动下的指数增强策略,王红兵,24p,402
2019-10-07,南华期货,南华期货量化研究报告：量化投资的范式与体系（2019-10-07）,李一邨,24p,403
2019-02-15,光大证券,光大证券类固收系列报告之三：网下打新风光不再，科创板落地或将提振收益,刘均伟,20p,404
2019-07-02,西南证券,西南证券因子选股系列：Fama-French三因子模型的改进，从CH-3到CH-5,邓璎函，王挺,15p,405
2017-11-08,方正证券,方正证券50ETF期权多因子模型（四）：期权三棱镜，因子择时策略轮动,,10p,406
2019-08-22,光大证券,光大证券FOF专题研究系列之十五：基金主动管理能力解析，Alpha收益难获取，Beta也是生产力,邓虎,19p,407
2018-07-30,民生证券,民生证券因子研究专题二：估值因子解析,徐玉宁，马自妍,88p,408
2018-06-22,华宝证券,华宝证券金融工程专题报告：多因子行业配置，模型优化与FOF策略构建,张青，贾依廷,15p,409
2019-07-02,东方证券,东方证券因子选股系列研究之五十七：温和收益的动量与极端收益的反转效应,朱剑涛，王星星,14p,410
2018-10-18,华泰证券,华泰证券基金仓位分析专题报告：基于回归法的基金持股仓位测算,林晓明，陈烨,20p,411
2020-04-10,开源证券,开源证券大类资产配置研究系列（1）：开源金工股债轮动模型1.0,魏建榕,14p,412
2016-04-20,中信建投,中信建投板块轮动基本面量化系列之三：“量化基本面”理论体系及农林牧渔行业案例,丁鲁明,30p,413
2017-08-29,方正证券,方正证券蜘蛛网研究心得：择时对冲的潜力,魏建榕，高子剑,5p,414
2019-11-20,光大证券,光大证券技术指标系列报告之六：RSRS择时，回顾与改进,胡骥聪，刘均伟,23p,415
2017-06-10,华泰证券,华泰证券价值-成长PEG选股A股实证研究：华泰价值选股之“漂亮50”选股模型,林晓明，王湘,28p,416
2018-12-26,华泰证券,华泰证券基金仓位分析专题报告：再探回归法测算基金持股仓位,林晓明，陈烨,21p,417
2020-02-20,天风证券,天风证券金工专题报告：基于基因表达式规划的价量因子挖掘,吴先兴,25p,418
2020-07-03,华泰证券,华泰证券人工智能系列三十三：数据模式探索，无监督学习案例,林晓明，陈烨，李子钰,21p,419
2018-10-30,浙商证券,浙商证券人工智能系列：降维、预测与组合构建—一种“倒向切片回归”方法,包赞,18p,420
2020-05-29,东吴证券,东吴证券“波动率选股因子”系列研究（一）：寻找特质波动率中的纯真信息——剔除跨期截面相关性的纯真波动率因子,高子剑，沈芷琦,15p,421
2018-06-13,华宝证券,华宝证券金融工程专题报告：价值、成长风格轮动与FOF策略构建,张青，余景辉,13p,422
2020-06-01,光大证券,光大证券定向增发投资策略专题研究系列之三：价廉物美，定增项目量化优选策略,古翔，刘均伟,24p,423
2016-05-31,中信建投,中信建投基本面量化系列之四：美国道指市盈率估计模型，量化全球大类资产配置体系,丁鲁明,32p,424
2017-08-11,国信证券,国信证券金融工程专题研究：递归神经网络RNN—自适应计算次数（ACT）的RNN增强,陈镜竹，黄志文,17p,425
2020-06-02,财通证券,财通证券“星火”多因子专题报告（十四）：将事件驱动融入因子选股,陶勤英，,14p,426
2021-04-12,华泰证券,华泰证券深度研究：债券基金业绩归因之Campisi模型,林晓明，黄晓彬，张泽,24p,427
2012-08-23,光大证券,多因子系列研究（一）：因子回溯测试的总体框架,于栋华，刘道明,23p,428
2018-04-15,光大证券,光大证券行业基本面选股系列报告之一：必需消费品，毛利、周转双轮驱动,刘均伟,26p,429
2020-02-07,国盛证券,国盛证券量化专题报告：风险配置新思路，宏观风险平价策略,林志朋，刘富兵,17p,430
2016-12-29,渤海证券,渤海证券金融工程CTA策略专题报告之三：量化体系之化工板块子策略,潘炳红，郝倞,13p,431
2017-08-16,中信建投,中信建投大数据研究之四：基于新闻热度的周期、成长、消费风格轮动配置,丁鲁明，喻银尤,15p,432
2019-11-08,浙商证券,浙商证券【投研漫谈（一）】多因子和人工智能谁是“正规军”？——兼谈金融预测框架,包赞,22p,433
2019-04-15,东方证券,东方证券《因子选股系列研究》之五十三：基于因子组合FMP的因子加权方法,朱剑涛，王星星,22p,434
2019-10-29,东方证券,东方证券因子选股系列研究之六十：基于量价关系度量股票的买卖压力,朱剑涛，王星星,14p,435
2020-11-13,华宝证券,华宝证券金融工程专题报告：大宗商品CTA多因子模型构建及回测,张青，余景辉,16p,436
2018-03-02,东方证券,东方证券因子选股系列研究之三十五：组合优化的若干问题,朱剑涛，王星星,22p,437
2018-07-10,渤海证券,渤海证券行业轮动专题一：使用随机森林算法的行业轮动模型,宋旸,19p,438
2018-05-04,财通证券,财通证券随机波动率微笑模型及套利（2018-05-02）,陶勤英,27p,439
2019-09-08,光大证券,光大证券多因子系列报告之二十五：结合短周期因子的指数增强实证,刘均伟，周萧潇，胡骥聪,21p,440
2017-04-24,华泰证券,华泰证券红利指数与红利因子系列研究报告之二：红利因子的有效性研究,林晓明，黄晓彬,28p,441
2020-04-23,光大证券,光大证券多因子系列报告之三十二：现金偿债因子，规避企业潜在财务风险,古翔，周萧潇，刘均伟,21p,442
2017-12-12,东方证券,东方证券衍生品系列研究之（八）：局部波动率模型场外期权定价与对冲,朱剑涛,30p,443
2018-12-31,中泰证券,中泰证券金工CTA系列之一：基于基本面多因子模型的黄金交易策略,唐军，张晗,24p,444
2020-06-05,光大证券,光大证券资产配置定量研究系列之八：资产配置组合管理中的动态回撤控制方法,刘均伟,19p,445
2016-08-25,银河证券,银河证券FOF系列报告之五：资产配置的风险平价理论,王红兵，朱人木,20p,446
2019-10-20,光大证券,光大证券FOF专题研究系列之十六：站在巨人的肩膀上，从牛基组合到牛股发现,邓虎,20p,447
2019-01-04,光大证券,光大证券公募基金市场2018年回顾与2019年展望：养老起步，ETF腾飞,刘均伟,26p,448
2012-09-10,中金阿尔法,统计套利策略研究报告,徐佳伟,25p,449
2018-12-30,东吴证券,东吴证券金工专题报告：反转因子的精细结构，Q&A,魏建榕，高子剑，傅开波,10p,450
2019-07-04,天风证券,天风证券金工专题报告：机构业绩增强，巨人肩膀上的alpha,吴先兴,21p,451
2016-05-12,方正证券,方正证券金融工程研究：夜空中最亮的星，十字星形态的选股研究,魏建榕，高子剑,9p,452
2016-10-31,爱建证券,爱建证券多因子系列之一：多因子模型梳理探索,侯佳林,13p,453
2020-06-16,开源证券,开源证券量化评论（1）：估值因子坏了怎么修？,魏建榕,11p,454
2019-12-30,渤海证券,渤海证券多因子模型研究系列之十一：多因子模型的行业分类方法,宋旸,29p,455
2018-09-21,天风证券,天风证券基本面量化视角下的电子行业选股研究（2018-09-20）,吴先兴，,21p,456
2018-03-05,天风证券,天风证券风险预算与组合优化（2018-03-05）,吴先兴，,18p,457
2019-08-30,东方证券,东方证券大类资产配置系列研究之（一）：A股风险溢价（ERP）,朱剑涛,37p,458
2018-12-28,渤海证券,渤海证券多因子模型研究系列之六：使用thompson sampling算法的策略混合模型,宋旸,21p,459
2018-09-02,东方证券,东方证券因子选股系列研究之四十四：A股因子风险模型（DFQ-2018）,朱剑涛,19p,460
2023-01-30,华泰证券,华泰证券金工深度研究：九坤Kaggle量化大赛有哪些启示？,林晓明，李子钰，何康,23p,461
2019-11-21,国盛证券,国盛证券量化专题报告：基于规则库的财务风险识别方法,殷明，刘富兵,27p,462
2019-11-21,西部证券,西部证券大类资产配置报告系列之一：从资产的历史数据到未来预期,王红兵,26p,463
2019-05-15,华泰证券,华泰证券金工量化择时系列：A股市场低开现象研究,林晓明，刘志成,33p,464
2016-06-30,兴业研究,兴业研究金融工程专题报告：对冲基金的前世今生,董樑，祁朝瑞，万凝,17p,465
2016-08-26,中信建投,中信建投金融工程专题：量化视角下的缠论初步解析,丁鲁明,24p,466
2018-07-24,方正证券,方正证券“因子七十二变”系列之一：A股“跳一跳”，隔夜跳空选股因子,韩振国,21p,467
2019-05-24,天风证券,天风证券金工专题报告：和时间赛跑，利用实时财务信息增强组合收益,吴先兴,23p,468
2020-05-07,华泰证券,华泰证券美国实际利率、通胀、股市影响金价短期表现：黄金的短期价格影响因素与规律,林晓明，黄晓彬,23p,469
2017-09-06,光大证券,光大证券技术指标系列报告之四：基于波动率时序排名的轮动策略,刘均伟,20p,470
2018-08-20,渤海证券,渤海证券基本面量化系列专题之二：家电行业择时及子行业轮动模型研究,崔健，李元玮,25p,471
2019-05-21,民生证券,民生证券因子研究专题四：低波动异象，解析、改进及成因实证,徐玉宁，马自妍，王西之,36p,472
2020-03-04,光大证券,光大证券衍生品研究系列报告之七：期货&期权指数增强策略,周萧潇，刘均伟,25p,473
2019-04-05,光大证券,光大证券行业景气度研究系列报告之二：房地产，量价驱动，政策为王,刘均伟,24p,474
2017-12-01,东方证券,东方证券因子选股系列研究之三十一：风险模型在时间序列上的改进,朱剑涛,16p,475
2018-04-20,招商证券,招商证券因子模型系列之十：各大类单因子有效性汇总比较分析,叶涛，,45p,476
2020-08-04,华泰证券,华泰证券基本面轮动系列之六：行业配置策略，宏观因子视角,陈莉，林晓明，李聪,31p,477
2020-06-19,东吴证券,东吴证券“技术分析拥抱选股因子”系列研究（二）：上下影线，蜡烛好还是威廉好？,高子剑，沈芷琦,16p,478
2020-09-12,国盛证券,国盛证券资产配置的四种范式：赔率、胜率、趋势与拥挤度,林志朋，刘富兵,32p,479
2017-08-07,方正证券,方正证券50ETF期权多因子模型（一）：期权三棱镜，四两如何拨千斤,高子剑,13p,480
2011-09-13,国信证券,基于高频数据和配对交易的统计套利策略,董艺婷,20p,481
2019-01-04,光大证券,光大证券汽车行业景气度研究系列报告之一：周期律动，先知先觉,刘均伟，古翔,27p,482
2017-08-01,天风证券,天风证券金融工程：买卖压力失衡，利用高频数据拓展盘口数据,吴先兴,13p,483
2020-05-27,开源证券,开源证券市场微观结构研究系列（8）：结合行业轮动的沪深300指数增强测试,魏建榕,12p,484
2019-04-04,光大证券,光大证券业绩链选股策略报告之二：双击掘金，业绩趋势叠加技术形态,刘均伟，周萧潇，,23p,485
2018-02-06,天风证券,天风证券基金研究：基金风格择时能力可持续性的探究,吴先兴,9p,486
2018-12-28,渤海证券,渤海证券金融工程专题报告：绝对收益中的仓位管理和择时方法,郝倞,18p,487
2018-09-27,渤海证券,渤海证券基本面量化系列专题之四：多因子模型在钢铁行业中的应用研究,祝涛,23p,488
2018-07-13,渤海证券,渤海证券基本面量化系列专题之一：钢铁行业择时及子行业轮动模型研究,祝涛,25p,489
2022-06-07,光大证券,光大证券行业轮动系列报告之一：行业景气度研究框架暨煤炭行业景气度研究,祁嫣然，,22p,490
2020-03-01,渤海证券,渤海证券基金专题报告：基于净值和持仓的基金业绩归因方法研究,宋旸，陈菊,22p,491
2018-05-15,光大证券,光大证券衍生品研究系列报告之五：VIX及其衍生品,蒋俊阳，,22p,492
2017-03-31,渤海证券,渤海证券场外期权专题报告：基于对冲波动率的动态选择改善delta对冲策略,崔健，李元玮,19p,493
2017-08-21,国信证券,国信证券金融工程专题行业配置系列：在alpha和绝对收益策略中应用行业配置的三个思路,吴子昱,12p,494
2016-11-04,方正证券,方正证券期权波动率交易专题研究报告：随波而动，踏浪前行,高子剑,21p,495
2020-10-30,国信证券,国信证券金融工程专题研究FOF系列专题之二：基金经理前瞻能力与基金业绩,张欣慰,23p,496
2020-02-22,光大证券,光大证券机器学习报告系列之五：锦上添花，机器学习算法助力组合优化,胡骥聪，周萧潇，刘均伟,24p,497
2018-09-27,渤海证券,渤海证券多因子模型研究系列之五：使用Bandit Learning算法的多因子模型,宋旸,18p,498
2020-03-07,开源证券,开源证券市场微观结构研究系列（5）：APM因子模型的进阶版,魏建榕,11p,499
2017-07-26,华安证券,华安证券股息率专题研究（一）：高股息率指数增强组合构建,宫模恒,21p,500
2020-06-04,天风证券,天风证券金工专题报告：如何改善一致预期,吴先兴,27p,501
2020-02-25,天风证券,天风证券市场微观结构探析系列之三：分时K线中的alpha,吴先兴,16p,502
2017-07-22,天风证券,天风证券金工专题报告：半衰IC加权在多因子选股中的应用,吴先兴,12p,503
2018-12-17,华泰证券,华泰证券单因子测试之一致预期因子（2018-12-14）,林晓明，陈烨,29p,504
2020-03-04,财通证券,财通证券“星火”多因子专题（十一）：在下跌中寻找惊喜，业绩超预期与反转因子的融合,陶勤英，,20p,505
2018-08-06,方正证券,方正证券“因子七十二变”系列之二：超越反转，基于均线的乖离率选股因子,韩振国,16p,506
2019-07-31,中信建投,中信建投金融工程深度研究报告：因子估值在A股市场是否有效？从因子估值到因子换手率的因子择时,丁鲁明，胡一江,29p,507
2016-07-01,兴业研究,兴业研究金融工程：货币市场基金评价体系,杨路炜，洪涛，万凝,12p,508
2019-10-29,财通证券,财通证券“拾穗”多因子系列报告（第19期）：似是而非，横截面回归还是时间序列回归？,陶勤英，,15p,509
2019-06-11,浙商证券,浙商证券【人工智能系列】：指数增强组合业绩归因分析,包赞,9p,510
2019-05-19,东吴证券,东吴证券因子方法论之四：组合优化中被低估的风险--金工专题报告,高子剑，陈实,26p,511
2018-07-12,渤海证券,渤海证券有色金属行业量化研究专题之二：黄金、白银量化研究,郝倞,21p,512
2019-10-29,东方证券,东方证券因子选股系列之六十一：基于机构持仓的因子情景分析,朱剑涛，张惠澍,21p,513
2014-03-20,国海证券,国海证券CTA交易策略系列之一：基于贝叶斯网络概率推断的交易策略,王丹,14p,514
2018-11-09,光大证券,光大证券行业基本面选股系列报告之八：因时而变，强者恒强,刘均伟,31p,515
2019-03-13,天风证券,天风证券FICC系列研究专题（一）：宏观数据的去噪、降维及应用，如何抑制宏观信息“过拟合”？,吴先兴,28p,516
2017-09-20,方正证券,方正证券本福特的应用：解读财务报表的可信度,高子剑，魏建榕,17p,517
2020-01-06,开源证券,开源证券基金研究系列（1）：中国公募基金市场的2019,魏建榕,29p,518
2018-08-05,光大证券,光大证券技术形态选股系列报告之四：趁风转蓬看K线,刘均伟，,31p,519
2018-03-06,中信建投,中信建投“基本面量化”系列思考之三：行业配置获取超额收益的难度到底多大？,丁鲁明,27p,520
2019-09-03,中信建投,中信建投金融工程专题2019年秋季投资策略报告：量化选股的探索之路,丁鲁明，陈元骅，陈升锐，段潇儒，胡一江,37p,521
2017-07-13,东方证券,东方证券衍生品系列研究之（六）：商品期货中的alpha策略,朱剑涛,37p,522
2019-08-30,国信证券,国信证券行为金融学系列之四：基于前景理论与彩票型股票偏好关系的增强策略改进,黄志文，樊可雅,17p,523
2018-05-10,华泰证券,华泰证券金工Smatbeta专题研究之一：Smatbeta在资产配置中的优势,林晓明,27p,524
2020-05-20,华泰证券,华泰证券通过模型设计获得风格与策略等风险溢价：基于多种风险溢价的配置组合构建,林晓明，黄晓彬,18p,525
2018-04-16,渤海证券,渤海证券场外期权专题报告：场外期权发展现状、核心与应用,崔健，李元玮,22p,526
2019-07-30,财通证券,财通证券“拾穗”多因子系列（第16期）：水月镜花，正视财务数据的前向窥视问题,陶勤英，,11p,527
2011-05-24,华泰证券,数量化选股策略之三：PB-ROE策略,魏刚,12p,528
2021-08-06,华泰证券,华泰证券金工深度研究：公募REITs的发展历史与投资属性,林晓明，黄晓彬，张泽,33p,529
2016-06-12,华泰证券,华泰证券宏观多因子模型初探：A股收入和利润的定量预测模型,林晓明,17p,530
2019-07-12,中信建投,中信建投金融工程研究：基于市场羊群效应的股票alpha探究,丁鲁明，段潇儒,22p,531
2018-02-27,国信证券,国信证券金融工程专题研究：基于回撤率仓位控制及指数择时,吴子昱，黄志文,18p,532
2019-08-02,东方证券,东方证券因子选股系列研究之五十九：跳跃Beta与连续Beta,朱剑涛，张惠澍,14p,533
2018-12-29,华创证券,华创证券专题报告：多因子模型与行业轮动模型的结合,陈杰，王小川,30p,534
2017-09-26,国元证券,国元证券量化选股专题二：可转债正股投资组合，事件效应下的投资机遇,刘涛,17p,535
2019-12-16,国盛证券,国盛证券2020年度金融工程策略展望（2019-12-16）,刘富兵，殷明，叶尔乐，林志朋，段伟良,36p,536
2016-12-05,国信证券,国信证券金融工程专题研究：基于K-Means聚类的多因子特征检验,邹璐，黄志文,22p,537
2019-08-15,中信建投,中信建投负alpha专题系列一：如何从财务角度构建负面清单？,丁鲁明，郭彦辉,17p,538
2017-12-13,东方证券,东方证券衍生品系列研究之（九）：商品市场宏观风险因子模型初探,朱剑涛,38p,539
2012-08-21,光大证券,股指期货量化交易策略研究：基于价差交易的高频统计套利01，EMA模型,冯剑,13p,540
2018-11-02,华宝证券,华宝证券金融工程专题报告可转债投资：标的筛选与量化择时,张青，李亭函,14p,541
2019-06-27,天风证券,天风证券金工专题报告：科创板网下打新收益如何，还能为大盘股带来多少建仓资金,吴先兴,21p,542
2018-11-01,光大证券,光大证券多因子系列报告之十六：创新基本面因子，捕捉产能利用率中的讯号,刘均伟,20p,543
2017-08-17,国元证券,国元证券量化选股专题：可转债正股投资组合，探寻可转债正股投资的量化因子,刘涛,17p,544
2018-03-09,华宝证券,华宝证券金融工程专题报告：资产配置的流程、框架与运用,张青，李亭函,14p,545
2020-09-29,华安证券,华安证券基金研究系列之一：透视机构抱团行为，量化视角全面解析,严佳炜，,32p,546
2017-09-19,方正证券,方正证券蜘蛛网研究心得：短暂的玫瑰,魏建榕，高子剑,5p,547
2019-07-08,申万宏源,申万宏源主动量化研究原油篇：宏观量化之原油定价分析,杨国平，王湘，谢建斌,36p,548
2019-09-17,渤海证券,渤海证券金融工程专题报告：行业多因子轮动模型,郝倞,16p,549
2019-01-16,银河证券,银河证券上证50成分股定价分析（2）：贵州茅台,王红兵,8p,550
2019-03-07,财通证券,财通证券场外期权专题之二：二元期权,陶勤英,27p,551
2020-05-12,渤海证券,渤海证券金融工程专题报告：基本面量化研究之银行择时策略,郝倞,16p,552
2020-04-18,方正证券,方正证券金融工程研究：主观观点如何融入量化因子模型？,严佳炜,24p,553
2018-07-25,天风证券,天风证券行业景气度量化前瞻系列之二：家电篇,吴先兴,23p,554
2018-11-30,中邮证券,中邮证券基于机器学习的量化投资策略：系列四，随机森林,程毅敏,6p,555
2018-03-28,东方证券,东方证券因子选股系列研究之三十七：风险模型提速组合优化的另一种方案,朱剑涛,7p,556
2019-09-27,东吴证券,东吴证券金工专题报告：估值视角下的行业轮动,张翔，高子剑,16p,557
2017-03-30,渤海证券,渤海证券场外期权专题报告系列之三：商品场外期权的对冲策略研究,祝涛,16p,558
2020-09-22,渤海证券,渤海证券多因子模型研究系列之十四：技术因子的再挖掘之Alpha 101,宋旸，郭琳姗,24p,559
2017-12-29,华宝证券,华宝证券对BL模型的再探讨：估值效应与风险预算,张青，李亭函，余景辉,19p,560
2020-03-10,财通证券,财通证券“星火”多因子专题报告（十二）：从质量到质量增长，挖掘公司基本面改善带来的Alpha,陶勤英，,22p,561
2019-11-07,东吴证券,东吴证券基于高频折溢价的择时策略：ETF情绪温度计,高子剑，沈芷琦,14p,562
2018-05-23,光大证券,光大证券行业基本面选股系列报告之二：建筑行业，关注成长、资金周转能力,刘均伟,32p,563
2015-10-22,国信证券,国信证券市场波动率研究：基于相对强弱下单向波动差值应用,黄志文，吴子昱,15p,564
2020-07-22,开源证券,开源证券开源量化评论（3）：A股市场中如何构造动量因子？,魏建榕,10p,565
2019-12-25,方正证券,方正证券市场微观结构剖析系列之一：分钟线的尾部特征,严佳炜,39p,566
2020-06-24,渤海证券,渤海证券FOF研究系列之一：使用ETF基金构建资产配置组合,宋旸,18p,567
2018-12-10,国信证券,国信证券金融工程专题研究：单向波动差值择时之六，成交额过滤转多信号的改进方法,黄志文，樊可雅,22p,568
2017-08-18,海通证券,海通证券FICC系列研究之五：商品期货因子挖掘与组合构建再探究,冯佳睿,28p,569
2017-02-22,华泰证券,华泰证券金工周期研究系列报告：周期研究对大类资产的预测观点,林晓明,26p,570
2017-01-11,兴业研究,兴业研究基金专题报告：权益基金管理人资产配置归因分析,吴为,8p,571
2017-02-27,国信证券,国信证券金融工程专题研究：多因子框架下的基金风格分解与报告期检验,黄志文,18p,572
2019-10-18,浙商证券,浙商证券人工智能系列（二）：次优理论下的组合配置与策略构建——人工智能再出发,包赞,22p,573
2019-09-24,渤海证券,渤海证券金融工程专题报告：ROE选股模型,郝倞,14p,574
2012-08-29,光大证券,股指期货量化交易策略研究：基于价差交易的高频统计套利03：CUSCORE模型,冯剑,10p,575
2016-12-15,国元证券,国元证券可转债与可交换债概览：攻守兼备的价值投资利器,刘涛,17p,576
2020-06-12,光大证券,光大证券金融工程FOF专题研究系列之二十：高壁垒基金，在主流基金中不断加深自己的护城河,刘均伟,24p,577
2019-04-18,中信证券,中信证券资产配置专题系列之二：宏观因子视角下的资产轮动，增长、通胀和剩余流动性,赵文荣，刘方，王宇鹏，王兆宇，张依文,30p,578
2017-07-04,国元证券,国元证券可转债专题研究：探寻可转债投资机会，政策支持下的新宠儿,刘涛,53p,579
2018-02-02,招商证券,招商证券因子模型系列之九：技术指标类单因子有效性考察,叶涛，,70p,580
2019-03-28,渤海证券,渤海证券金融工程专题报告：基于趋势跟踪的大类资产配置策略,祝涛,18p,581
2020-05-26,华泰证券,华泰证券ESG120策略和华夏银行ESG指数投资价值分析：发掘A股中的ESG投资机会,林晓明，陈烨，李子钰,20p,582
2020-06-22,东莞证券,东莞证券金融工程研究系列之基金专题报告：基金评价与基金投资组合的研究（一）,费小平，岳佳杰,14p,583
2020-02-14,国盛证券,国盛证券多因子系列之九：海外市场市值和价值因子演化研究,刘富兵，李林井,22p,584
2018-05-25,国元证券,国元证券指数投资专题研究（二）：ETF，时人不识凌云木，直待凌云始道高,刘涛,39p,585
2020-08-25,华泰证券,华泰证券人工智能系列之三十四：再探 AlphaNet，结构和特征优化,林晓明，陈烨，李子钰,25p,586
2018-09-12,东吴证券,东吴证券资产管理扬帆起航系列报告：指数增强正当时,高子剑，魏建榕,29p,587
2017-12-05,上海东证期货,上海东证期货基本面量化之一：国债的重要因子（2017-12-05）,章顺,98p,588
2019-01-31,华泰证券,华泰证券2019年中国与全球市场量化资产配置年度观点：二十载昔日重现，三四年周期轮回,林晓明，黄晓彬，刘志成,53p,589
2018-09-18,国联证券,国联证券多因子研究系列之二：银行多因子选股,张晓春，黄子宸,25p,590
2020-01-19,光大证券,光大证券多因子系列报告之二十八：规模调整的盈利因子，从盈余公积谈起,古翔，周萧潇，刘均伟,27p,591
2018-07-13,华安证券,华安证券衍生品系列研究（一）：基于波动率的IH期货及50ETF期权策略择时研究,宫模恒,14p,592
2020-07-30,华泰证券,华泰证券基金选股择时能力的定量分析法：我国公募基金大多具有较强选股能力,林晓明，黄晓彬,28p,593
2018-11-20,东方证券,东方证券因子选股系列研究之四十七：A股涨跌幅排行榜效应,朱剑涛，王星星,17p,594
2019-06-20,财通证券,财通证券“拾穗”多因子系列报告（第12期）：权重复刻，指数成分股调整，分红点位测算更新,陶勤英，,10p,595
2019-11-21,华宝证券,华宝证券基金组合投资策略研究（一）：买方投顾模式下的绝对收益型策略构建,张青，李亭函，余景辉,20p,596
2019-01-04,国盛证券,国盛证券量化视角挖掘化工产业链的alpha收益（2019-01-04）,段伟良，刘富兵,23p,597
2019-11-26,华泰证券,华泰证券债券量化专题（一）：转债指数编制与策略回测,张继强,18p,598
2019-11-01,招商证券,招商证券定量研究行业2020年度投资策略：市场择时与风格择时策略回顾与探索,任瞳，,25p,599
2018-08-29,光大证券,光大证券行业基本面选股系列报告之五：环保行业，如月之恒，如日之升,刘均伟，,30p,600
2020-09-01,东吴证券,东吴证券“波动率选股因子”系列研究（二）：信息分布均匀度，基于高频波动率的选股因子,高子剑，沈芷琦,13p,601
2019-11-12,天风证券,天风证券金工专题报告：基于Probit模型的2019年度高送转预测,吴先兴，陈奕,9p,602
2019-02-20,银河证券,银河证券财富管理：国内外ETF发展和未来趋势,朱人木,32p,603
2017-12-29,渤海证券,渤海证券期权套利专题报告之二：期权与IH套利机会的挖掘,崔健，李元玮,18p,604
2017-06-12,华泰证券,华泰证券价值选股之“漂亮50”选股模型（2017-06-09）,林晓明，王湘,28p,605
2017-04-20,华泰证券,华泰证券量化投资时钟（2017-04-19）,林晓明，黄晓彬，刘志成,31p,606
2015-06-26,东方证券,东方证券多因子选股模型的基石：单因子有效性检验,谭瑾，朱剑涛,34p,607
2017-04-27,光大证券,光大证券市场情绪系列报告之一：构建情绪体系，寻找涨跌信号,,21p,608
2016-12-12,华泰证券,华泰证券价值选股系列之相对市盈率：相对市盈率选股模型A股市场实证研究,林晓明，王湘,27p,609
2018-03-15,华宝证券,华宝证券金融工程专题报告：事件驱动在大类资产择时及资产配置中的应用,张青，李亭函,19p,610
2017-09-05,方正证券,方正证券蜘蛛网研究心得第3期：ETF择时,魏建榕，高子剑,5p,611
2020-02-23,光大证券,光大证券多因子系列报告之二十九：再论估值因子，因子重构or收益预判？,周萧潇，刘均伟,27p,612
2017-12-04,华泰证券,华泰证券金工基金定投深度研究：大成旗下基金2018定投策略研究,林晓明，黄晓彬,18p,613
2018-01-18,华泰证券,华泰证券人工智能与量化投资（2018-01-18）,林晓明,27p,614
2019-11-19,爱建证券,爱建证券量化资产配置系列报告：不同风险价值估计下的条件风险价值资产配置方法,张志鹏,21p,615
2020-07-07,华泰证券,华泰证券基本面轮动系列之五：行业全景画像，投入产出表视角,林晓明，李聪,41p,616
2017-08-15,天风证券,天风证券MHKQ因子择时模型在A股中的应用（2017-08-15）,吴先兴,13p,617
2020-07-03,光大证券,光大证券多因子系列报告之三十五：分层优化体系，融合行业轮动的指数增强模型,胡骥聪，刘均伟,20p,618
2017-09-08,东方证券,东方证券衍生品系列研究之（七）：局部波动率模型期权定价实证研究,朱剑涛,29p,619
2019-11-11,华泰证券,华泰证券改进风险度量方式稳定提升风险模型表现的方法：风险预算模型如何度量风险更有效,林晓明，黄晓彬,22p,620
2018-11-03,东吴证券,东吴证券因子方法论之三：从稳健优化到约束条件的本质,高子剑，陈实,31p,621
2018-10-23,东方证券,东方证券因子选股系列研究之四十五：基于copula的尾部相关性研究，上尾异常相关系数因子,朱剑涛,15p,622
2017-12-14,东方证券,东方证券衍生品系列研究之（十）：商品组合的风险分析与风险管理,朱剑涛,36p,623
2017-09-22,方正证券,方正证券揭开股息率的面纱：预期高股息选股,高子剑,18p,624
2019-09-26,渤海证券,渤海证券海外指数及产品专题报告之一：海外期权策略指数及主题基金介绍,祝涛,27p,625
2017-07-21,中信建投,中信建投基于成分股动量反转效应的均线择时研究：以深次新股指数为例,丁鲁明,23p,626
2018-07-05,华宝证券,华宝证券金融工程专题报告中观视角下的FOF投资：权益量化策略比较及轮动策略构建,张青，李亭函,16p,627
2016-12-29,渤海证券,渤海证券场外期权专题报告：全球场外期权概况,潘炳红，李元玮,25p,628
2016-12-06,西南证券,西南证券基于跨期价差变化量的视角：股指期货展期对冲策略研究,熊莉,14p,629
2019-04-15,光大证券,光大证券行业景气度研究系列报告之三：资源型行业，仰观俯察，链串周期,刘均伟，周萧潇,22p,630
2019-10-10,华泰证券,华泰证券兼谈人工智能量化多因子基金的特点：未来已来，AI量化选股模型概览,林晓明，陈烨,12p,631
2019-11-05,方正证券,方正证券市场风格研判系列1：多维度解析大小盘风格轮动,严佳炜,19p,632
2018-10-11,天风证券,天风证券金工专题报告：基于机构风格追随的业绩增强策略,吴先兴，,14p,633
2019-07-14,浙商证券,浙商证券【基金研究系列三】：科学评价ETF——解析Lyxor“ETF效率指标”,包赞,22p,634
2019-04-24,东方证券,东方证券《因子选股系列研究之五十五》：优质民企策略指数,朱剑涛,41p,635
2019-01-07,天风证券,天风证券金工专题报告：基金仓位与风格估计模型及最新配置信息,吴先兴,13p,636
2018-08-07,光大证券,光大证券行业基本面选股系列报告之四：可选消费，流水不腐，户枢不蠹,刘均伟,35p,637
2017-03-08,海通证券,海通证券FICC系列研究之二：基于动量和期限结构的商品期货策略,冯佳睿,23p,638
2019-09-07,光大证券,光大证券量化排雷系列报告之一：业绩“爆雷”公司特征探析,古翔，刘均伟,26p,639
2017-07-09,东方证券,东方证券因子选股系列研究之二十七：预期外的盈利能力,朱剑涛,33p,640
2020-02-12,光大证券,光大证券资产配置定量研究系列之六：资产配置框架如何应对突发风险事件？,邓虎,23p,641
2019-01-10,招商证券,招商证券因子模型系列之十二：利用XGBoost预测规模因子收益方向,叶涛，,22p,642
2018-03-08,中信建投,中信建投“基本面量化”系列思考之四：资产价格反映了多少经济预期？,丁鲁明,22p,643
2019-08-30,招商证券,招商证券金融工程专题报告：基于Lasso回归的风格识别模型,任瞳，,22p,644
2017-11-24,招商证券,招商证券因子模型系列之一：基于增量信息逐层解释的因子模型框架搭建,叶涛，,14p,645
2019-08-29,申万宏源,申万宏源宏观量化研究十年期美国国债篇：十年期美国国债定价分析,杨国平，王湘，李一民,45p,646
2019-03-18,渤海证券,渤海证券金融工程专题报告：SVM模型在多因子股票池上的择时应用,郝倞,12p,647
2018-01-12,中金公司,中金公司FOF研究系列之四：从风险均衡到风险预算,耿帅军，王浩，王汉锋,18p,648
2016-08-22,兴业研究,兴业研究期权系列报告一：期权概念，交易制度和常见套利策略介绍,刘进，万凝,14p,649
2015-12-14,东方证券,东方证券因子选股系列研究之四：基于交易热度的指数增强,朱剑涛,11p,650
2020-11-06,中信证券,中信证券资产配置专题系列：FOF思维下的资产配置,赵文荣,32p,651
2018-08-03,光大证券,光大证券FOF专题系列报告之九：溯本求源，基于风险模型精选优质基金,刘均伟,25p,652
2019-12-03,天风证券,天风证券CTA思维下的资产配置方法（2019-12-03）,吴先兴,20p,653
2019-12-19,天风证券,天风证券金融工程专题报告：结合行业轮动的指数增强策略,吴先兴，陈奕,20p,654
2020-05-25,华泰证券,华泰证券中国养老目标基金初诞全景回顾：产品设计渐趋成熟、业绩表现符合养老投资预期,林晓明，黄晓彬,26p,655
2018-07-10,华创证券,华创证券金工CTA系列专题报告（二）：持仓博弈异常信号在金融期货上的应用,陈杰，王小川,28p,656
2020-03-03,西部证券,西部证券大类资产配置报告系列之三：风险无处不在，资产波动率模型构建与预测,王红兵,25p,657
2018-02-22,东方证券,东方证券《因子选股系列研究之三十四》：基于风险监控的动态调仓策略,朱剑涛,14p,658
2018-03-04,东方证券,东方证券《因子选股系列研究之三十六》：A股小市值溢价的来源,朱剑涛,20p,659
2020-07-07,国盛证券,国盛证券宏观逻辑的量化验证：黄金的逻辑与估值模型构建,叶尔乐，刘富兵,42p,660
2019-10-16,华泰证券,华泰证券单因子测试之历史分位数因子：华泰多因子系列之十三,林晓明，陈烨,42p,661
2017-06-01,东方证券,东方证券因子选股系列研究之二十六：因子选股与事件驱动的Bayes整合,朱剑涛,20p,662
2019-02-26,民生证券,民生证券文献启示录（第2期）：人工智能+投资，从认识到应用,徐玉宁，王西之,10p,663
2018-05-07,东吴证券,东吴证券“市场行为的宝藏”系列研究：低开高走的收益特征,魏建榕，高子剑,8p,664
2018-04-03,渤海证券,渤海证券期权策略专题报告之二：基于方向性择时信号的期权卖方投资策略,崔健，李元玮,19p,665
2017-05-02,光大证券,光大证券期权研究系列报告之一：期权卖方投资策略初探,,21p,666
2018-01-22,银河证券,银河证券金工FOF系列：债券基金久期和风格测试模型,朱人木，王红兵,17p,667
2017-12-25,光大证券,光大证券业绩链选股策略报告：多维度寻找高增长公司,刘均伟,23p,668
2017-11-14,中信建投,中信建投金融工程专题：如何正确理解近期热度极高的低波动率因子,丁鲁明,18p,669
2012-02-20,平安证券,平安证券量化择时系列二：小波分析与支持向量机择时研究，水致清则鱼自现,王韧，周谧，程宁巧,30p,670
2018-09-08,光大证券,光大证券行业基本面选股系列报告之六：装备制造，规模为基，持筹握算,刘均伟,28p,671
2018-04-23,中信建投,中信建投“基本面量化”系列思考之六：各板块业绩预告历史上偏离实际值有多大？,丁鲁明，段伟良,27p,672
2020-06-14,光大证券,光大证券行业轮动系列研究报告之综合篇：三位一体，自适应（ADC）行业轮动模型,胡骥聪，刘均伟,20p,673
2019-03-03,光大证券,光大证券科创板新股发行、配售制度解读：发行定价市场化、配售向机构倾斜,刘均伟,12p,674
2019-03-06,民生证券,民生证券因子研究专题三：动量（反转）因子解析,徐玉宁，王西之,26p,675
2016-05-06,方正证券,期权时间价值专题研究：一寸光阴一寸金，期权可买寸光阴,高子剑,29p,676
2017-02-14,华泰证券,华泰证券价值选股之FFScore模型：比乔斯基选股模型A股实证研究,林晓明，王湘,32p,677
2017-09-18,方正证券,方正证券50ETF期权多因子模型（三）：期权三棱镜，如何能买寸光阴,高子剑,16p,678
2018-06-09,东方证券,东方证券《因子选股系列研究之四十一》：公司研发费用因子探究,朱剑涛,15p,679
2018-11-15,东海证券,东海证券原理与实证分析：配对交易中Hurst指数的应用,丁竞渊,18p,680
2019-04-23,浙商证券,浙商证券人工智能系列：AI下“指数增强”模型——网页端APP上线,包赞,6p,681
2021-10-13,华泰证券,华泰证券金工：国内量化私募发展及业绩归因,林晓明，李子钰，何康,23p,682
2019-04-08,光大证券,光大证券FOF专题系列报告之十二：规模陷阱，大规模基金长期稳定跑输小基,邓虎,23p,683
2017-12-29,渤海证券,渤海证券金融工程专题报告：基于均线系统的商品期货趋势策略之三,祝涛,16p,684
2019-11-04,光大证券,光大证券FOF专题系列报告之十七：从收益动量到收益质量，夏普比率优选基金卓有成效,邓虎,20p,685
2012-08-29,光大证券,算法交易：VWAP模型,倪蕴韬，刘道明,15p,686
2018-10-26,招商证券,招商证券因子模型系列之十一：因子筛选与投资组合构建,叶涛，,17p,687
2019-06-25,东方证券,东方证券FOF系列研究之三：明星基金经理业绩分析之，易方达张坤,朱剑涛，邱蕊,11p,688
2019-07-30,东方证券,东方证券因子选股系列研究之五十八：资本市场开放对因子投资的影响,朱剑涛,36p,689
2020-03-26,光大证券,光大证券定向增发投资策略专题研究：重获生机，定向增发投资正当时,古翔，周萧潇，刘均伟,26p,690
2020-02-29,方正证券,方正证券“聚沙成塔”创新产品系列13：公募基金产品的绝对收益之路,朱定豪，,28p,691
2019-08-28,国盛证券,国盛证券量化分析报告：优选行业的底仓配置策略分析,刘富兵，李林井,12p,692
2020-05-26,华泰证券,华泰证券解决资产收益率分布尖峰厚尾与假设不符的问题：引入高阶矩改进马科维茨组合表现,林晓明，黄晓彬,29p,693
2019-10-25,中信建投,中信建投企业价值角度出发的选股思路：从ROIC到WACC,丁鲁明，胡一江,25p,694
2017-09-29,渤海证券,渤海证券基于均线系统的商品期货趋势策略研究之二（2017-09-29）,祝涛,18p,695
2017-11-02,海通证券,海通证券FICC系列研究之六：多品种趋势策略中的仓位管理方法,冯佳睿,18p,696
2020-10-14,长江证券,长江证券高频因子（九）：高频波动中的时间序列信息,覃川桃，郑起,22p,697
2020-04-01,华泰证券,华泰证券Smart Beta系列之四：重剑无锋，低波动Smart Beta,林晓明，陈烨，李子钰,27p,698
2020-06-10,渤海证券,渤海证券金融工程专题报告：基本面量化研究之建材行业择时与选股策略,郝倞,16p,699
2020-08-17,光大证券,光大证券类固收系列报告之九：数往知来，创业板注册制开市之际，回顾科创板打新一周年,胡锦瑶，刘均伟,29p,700
2019-03-21,中信建投,中信建投估值提升概率模型及其有效性分析：量化视角衡量个股估值提升的确定性,丁鲁明，陈元骅,23p,701
2019-06-21,申万宏源,申万宏源主动量化之房地产行业景气轮动研究：房地产产业链行业轮动量化研究,杨国平，王湘,37p,702
2019-10-18,太平洋证券,太平洋证券“见微”系列之一：打开AI黑箱，探索可解释性,徐玉宁,24p,703
2020-05-26,华泰证券,华泰证券资产配置模型对债券趋势项的依赖：若利率下行趋势改变，资产配置模型是否仍有效？,林晓明，黄晓彬,26p,704
2018-11-09,银河证券,银河证券多因子系列：因子投资手册（三）,吴俊鹏,29p,705
2019-06-06,光大证券,光大证券行业景气度研究系列报告之四：白酒，三向同驱，同声相应,刘均伟，张喆,23p,706
2020-07-20,国盛证券,国盛证券量化专题报告：稳定型行业基本面量化，择时与选股,段伟良，刘富兵,20p,707
2020-08-16,华泰证券,华泰证券机构投资者网下打新收益及收益率分析：拥抱打新盛宴，详解打新收益测算,林晓明，陈烨,22p,708
2018-09-09,光大证券,光大证券行业基本面选股系列报告之七：钢铁&建材，供需驱动，顺势而为,刘均伟,25p,709
2021-04-08,华泰证券,华泰证券深度研究：可转债市场概览及其隐含波动率策略,林晓明，李子钰，何康,21p,710
2018-08-20,中邮证券,中邮证券数量化专题之二：风格中性多因子之因子数据预处理,于晓军,9p,711
2018-04-18,中信建投,中信建投“基本面量化”系列思考之五：贸易战升级，投资时钟还靠谱吗？,丁鲁明，,20p,712
2017-02-27,华宝证券,华宝证券金融工程专题：利用量化择时，优化大类资产配置,张青,16p,713
2019-07-21,东方证券,东方证券FOF系列研究之七：Smart Beta产品分析之，红利因子,朱剑涛,12p,714
2017-12-05,天风证券,天风证券资产配置策略研究之三：基于风格因子溢价的资产配置视角,罗彧文,15p,715
2018-12-28,光大证券,光大证券行业基本面选股系列报告之十：房地产，借镜观形，蹊径淘金,刘均伟,30p,716
2018-11-09,天风证券,天风证券行业景气度量化前瞻系列之三：乘用车篇,吴先兴,21p,717
2019-05-31,国信证券,国信证券行为金融学系列之二：处置效应与新增信息参与定价的反应迟滞,黄志文，樊可雅,17p,718
2019-07-10,华泰证券,华泰证券Smart Beta系列之二：博观约取，价值和成长Smart Beta,林晓明，陈烨,27p,719
2020-01-06,浙商证券,浙商证券【基金研究】：基金持仓羊群效应与基金业绩分析,包赞，王小青,24p,720
2017-02-23,海通证券,海通证券FICC系列研究之一：海内外CTA基金的发展与现状,冯佳睿,26p,721
2017-10-24,天风证券,天风证券信用利差的选择性对冲：国债期货套期保值实证,罗彧文,11p,722
2019-06-06,光大证券,光大证券市场情绪体系系列报告之二：重构情绪体系，探知市场温度,祁嫣然,24p,723
2019-11-18,上海东证期货,上海东证期货股指期权系列专题（二）：股指期权合约解读与投资应用（2019-11-18）,王冬黎，李晓辉,26p,724
2018-08-29,西南证券,西南证券因子选股系列：波动率因子的改进，异质波动率,邓璎函,13p,725
2015-12-16,中信建投,中信建投2016年投资策略报告之金融工程篇：择时利刃可攻，期权坚盾擅守,丁鲁明,39p,726
2016-08-09,中信建投,中信建投量化基本面系列研究之六：“量化基本面”理论体系及通信行业案例,丁鲁明,28p,727
2020-02-04,方正证券,方正证券市场微观结构剖析系列1：分钟线的尾部特征,严佳炜,21p,728
2019-11-12,光大证券,光大证券指数化投资研究系列之七：Vanguard发展历程及三大转折点,邓虎,38p,729
2019-01-10,华宝证券,华宝证券黄金择时体系构建：基本面、市场面与事件驱动,张青，贾依廷,16p,730
2019-11-01,光大证券,光大证券机器学习系列报告之四：细说回测，模拟路径拓宽回测样本,胡骥聪，刘均伟,22p,731
2017-06-15,招商证券,招商证券大宗交易的市场特征研究：发展路径、总体数据与事件驱动机会全扫描,叶涛，赵月涓,23p,732
2018-08-07,中信建投,中信建投量化基本面选股：从逻辑到模型，航空业投资方法探讨,丁鲁明，喻银尤,28p,733
2017-03-16,华泰证券,华泰证券金工周期系列研究：市场周期的量化分解,林晓明,12p,734
2015-04-13,国信证券,国信证券投资时钟系列：行业分类研究，工欲善其事，必先利其器,吴子昱，林晓明,19p,735
2018-08-21,中金公司,中金公司FOF研究系列之八：基金择时、选股和风格轮动,耿帅军，王浩，王汉锋,10p,736
2019-08-29,华泰证券,华泰证券金工衍生品研究：成分股分红对股指期货基差的影响,林晓明，刘志成，李聪,22p,737
2019-07-28,东方证券,东方证券FOF系列研究之九：Smart Beta产品分析之，低波因子,朱剑涛,14p,738
2017-07-24,方正证券,方正证券国债期货蜘蛛网策略绩效回顾（2017-07-22）,魏建榕，高子剑,7p,739
2019-03-11,银河证券,银河证券金融工程：基于成交量脉冲的大盘择时策略,朱人木,17p,740
2020-07-23,华安证券,华安证券市场微观结构剖析之八：信息提纯，寻找高质量反转因子,严佳炜，,22p,741
2018-02-02,海通证券,海通证券FICC系列研究之八：CTA因子表现回顾及组合优化探究,冯佳睿，姚石,18p,742
2020-08-18,东吴证券,东吴证券“求索动量因子”系列研究（二）：交易者结构对动量因子的改进,高子剑，沈芷琦,17p,743
2020-06-08,国盛证券,国盛证券量化分析报告：宏观与配置量化观察（一），当下宏观环境利好什么行业？,叶尔乐，刘富兵,18p,744
2018-01-23,东方证券,东方证券金工磨刀石系列之三：港股简史与现状,朱剑涛,52p,745
2020-06-15,渤海证券,渤海证券海外指数及产品专题报告之二：利用期权进行指数增强,祝涛,19p,746
2018-03-07,中金公司,中金公司FOF研究系列之六：当风险均衡遇到BL模型,耿帅军，王浩，王汉锋,16p,747
2017-08-29,爱建证券,爱建证券数量化研究三：麻烦的回测框架和头疼的数据管理,刘孙亮,13p,748
2019-09-05,招商证券,招商证券“青出于蓝”系列研究之一：短期反转效应起源及其改进研究,任瞳，,21p,749
2018-11-15,天风证券,天风证券金工专题报告：基于Probit模型的2018年度高送转预测,吴先兴，陈奕,9p,750
2017-04-25,东方证券,东方证券因子选股系列研究之二十四：细分行业建模之银行内因子研究,朱剑涛,17p,751
2019-04-02,国盛证券,国盛证券量化分析报告：量化方法测算A股壳价值,林志朋，刘富兵,8p,752
2021-06-10,光大证券,光大证券碳中和时代下的ESG投资应用系列之二：绿色金融发展理念下的ESG产品布局探究,秦波,26p,753
2019-12-12,西部证券,西部证券大类资产配置报告系列之二：多维度探究资产预期收益优化法,王红兵,23p,754
2020-07-14,中信建投,中信建投#建投金工深度专题98:高频量价选股因子初探,鲁明量化全视角,,755
2019-05-24,光大证券,光大证券类固收系列报告之五：丰富多彩的类固收产品,邓虎,26p,756
2018-03-05,中信建投,中信建投金融工程海外文献推荐系列之一：矿海拾趣,丁鲁明,17p,757
2019-08-09,上海东证期货,上海东证期货金融工程专题报告：波动率因子模型之宏观指标对股指波动率影响机制研究（2019-08-09）,王冬黎,24p,758
2011-08-31,国信证券,数量化投资系列报告之四十三：基于事件冲击效应的高频统计套利策略,董艺婷，葛新元,22p,759
2018-01-02,中信建投,中信建投金融工程研究：香港股市的有效alpha选股因子探索与分析,丁鲁明,18p,760
2017-07-27,方正证券,方正证券资产管理扬帆起航：量化基金何时好,高子剑,30p,761
2018-11-16,中邮证券,中邮证券系列三：logistics regression的探索，基于机器学习的量化投资策略,程毅敏,8p,762
2017-01-09,银河证券,银河证券金工FOF系列之九：量化FOF产品方案及投资策略,朱人木，王红兵,18p,763
2017-08-25,方正证券,方正证券资产管理扬帆起航系列报告（七）：主动基金，长于择时，善于选股,高子剑,25p,764
2018-07-11,东吴证券,东吴证券金工专题报告：CDR，你需要知道的6件事,高子剑，张翔,21p,765
2019-10-11,招商证券,招商证券金融工程专题报告：科创板量化打新策略研究,任瞳，,28p,766
2018-08-03,东兴证券,东兴证券金融工程多因子系列价值投资的逻辑：高质量+低估值,杨若木,27p,767
2020-02-06,上海东证期货,上海东证期货期权策略专题（二）：50指数增强，基于50ETF期权备兑策略（2020-02-05）,李晓辉,19p,768
2017-11-23,国信证券,国信证券金融工程专题：指数投资系列，基于股票分化度的指数趋势策略,吴子昱,19p,769
2018-09-17,银河证券,银河证券多因子系列：因子投资手册（一）,吴俊鹏,20p,770
2016-12-20,国信证券,国信证券金融工程专题研究：各类资产配置方法，量化优选配比,黄志文，吴子昱，,24p,771
2020-12-23,华泰证券,华泰证券人工智能系列之四十：微软AI量化投资平台Qlib体验,林晓明，李子钰，何康,34p,772
2019-12-03,天风证券,天风证券金工专题报告：CTA思维下的资产配置方法,吴先兴,20p,773
2017-09-21,中信建投,中信建投金融工程研究：股东数量变化因子的有效性分析,丁鲁明,14p,774
2020-08-28,华泰证券,华泰证券人工智能系列之三十五：WGAN应用于金融时间序列生成,林晓明，陈烨，李子钰，何康,36p,775
2020-09-07,国盛证券,国盛证券多因子系列之十三：基金重仓股研究,刘富兵，丁一凡,24p,776
2019-02-22,华创证券,华创证券成交量的奥秘：另类价量共振指标的择时,陈杰，王小川,20p,777
2017-12-27,财通证券,财通证券巧用可转债为组合增强收益：彼之砒霜，吾之蜜糖,陶勤英,14p,778
2017-12-18,中信证券,中信证券多因子量化选股系列专题研究：价值与成长投资逻辑在多因子模型中的应用,王兆宇，赵文荣，李祖苑，张依文,37p,779
2020-08-05,民生证券,民生证券量化选股系列报告之三：学术异象之动量类因子,祁嫣然,28p,780
2018-07-12,渤海证券,渤海证券金融工程专题报告：基于期权投资者情绪指标的择时策略,祝涛,14p,781
2020-11-18,华泰证券,华泰证券资产配置方法、管理人选择与动态组合管理：MOM投资组合的构建全流程框架,林晓明，黄晓彬，张泽,34p,782
2017-09-28,银河证券,银河证券低回撤FOF投资策略：目标最大回撤2%以内的投资策略,朱人木,15p,783
2019-08-11,光大证券,光大证券指数化投资研究系列之四：如何提升宽基指数的赚钱效应,邓虎,25p,784
2018-11-08,中信证券,中信证券量化与配置专题研究：国内量化基金发展现状及趋势，十年洗练，格局初现,刘方，朱必远，王兆宇，厉海强，赵文荣,22p,785
2020-09-17,上海东证期货,上海东证期货期权策略专题（四）：基于VIX指标的股指择时对冲策略（2020-09-17）,李晓辉,20p,786
2019-07-10,银河证券,银河证券量化原油投资手册（一）：供需篇,吴俊鹏,26p,787
2019-12-06,东海证券,东海证券金融工程专题报告：VIX及SKEW指数的构建、分析与预测,丁竞渊,27p,788
2019-06-20,中泰证券,中泰证券时钟战术资产配置系列之二：投资钟摆，情绪周期的定量刻画,唐军，陈俊伟,16p,789
2016-09-14,华泰证券,华泰证券价量择时模型：市场周期在择时领域的应用,林晓明,19p,790
2017-09-06,光大证券,光大证券技术指标系列报告之四：基于波动率时序排名的指数轮动,刘均伟,20p,791
2019-12-12,光大证券,光大证券指数化投资研究系列之十：Smart Beta的中国实践,邓虎,28p,792
2018-07-12,渤海证券,渤海证券期权策略专题研究之五：基于相关性网络择时的期权策略研究,祝涛,15p,793
2018-05-24,中金公司,中金公司FOF研究系列之七：十个角度看中国公募基金行业发展,耿帅军，王浩，王汉锋,12p,794
2018-03-21,安信证券,安信证券机器学习与量化投资：避不开的那些事（3）,杨勇，周袤,21p,795
2011-07-28,华泰证券,数量化选股策略之八：动量反转因子分析,魏刚,12p,796
2017-11-24,国信证券,国信证券金融工程专题研究：递归神经网络RNN，维度叠加与可微分神经计算机,陈镜竹，黄志文,16p,797
2020-04-08,西部证券,西部证券大类资产配置报告系列之四：黄金，把握战略机遇投资期,王红兵,25p,798
2018-08-10,东方证券,东方证券衍生品系列研究之（十一）：商品基本面量化研究之铁矿石,朱剑涛,31p,799
2020-02-18,财通证券,财通证券“星火”多因子专题（十）：如何对Beta因子进行稳健估计？,陶勤英，,15p,800
2020-04-23,浙商证券,浙商证券【基金研究系列（六）】：稳健的固收+策略—富国鑫旺系列FOF业绩归因分析,包赞，王小青,14p,801
2017-07-18,中泰证券,中泰证券量化投资策略报告：中泰时钟，股市之行业轮动,李迅雷，唐军,10p,802
2019-09-17,东方证券,东方证券Smart Beta 产品分析之：基本面因子,朱剑涛,11p,803
2019-11-11,财通证券,财通证券史上最全沪深300期权操作指南（2019-11-08）,陶勤英,18p,804
2018-09-01,东方证券,东方证券《因子选股系列研究之四十三》 ：盈利预测与市价隐含预期收益,朱剑涛,18p,805
2017-04-06,华泰证券,华泰证券价值选股之高股息港股模型：高股息率选股模型港股通实证研究,林晓明，王湘,23p,806
2018-02-09,中信建投,中信建投“基本面量化”系列思考之二：基本面、通胀预期和加息节奏谁跑的更快？,丁鲁明,17p,807
2017-06-18,海通证券,海通证券FICC系列研究之四：基于协整和O-U过程的黄金套利策略,冯佳睿,23p,808
2020-09-28,开源证券,开源证券量化评论系列（8）：股指期货对冲方案的研究,魏建榕,16p,809
2021-07-07,华泰证券,华泰证券金工深度研究：行业配置策略，投资时钟视角,林晓明，李聪,34p,810
2017-09-25,方正证券,方正证券资产管理扬帆起航系列报告（八）：杠杆ETF的幸福指数,高子剑,28p,811
2019-02-25,光大证券,光大证券指数化投资研究系列之二：美国债券ETF启示，布局首推宽基指数，有一定的主动管理要求,刘均伟,25p,812
2018-01-12,中信建投,中信建投温故知新系列（一）：传统回归模型比较之OLS、RIDGE、ENET、LASSO、SCAD、MCP、分位数回归,丁鲁明,24p,813
2018-03-27,华宝证券,华宝证券金融工程专题报告：基于市场参与者行为的行业配置策略,张青，余景辉,12p,814
2020-02-25,东吴证券,东吴证券“ETF情绪温度计”系列研究（三）：ETF情绪温度计，高频折溢价的基差预测能力,高子剑，沈芷琦,20p,815
2019-07-23,东方证券,东方证券FOF系列研究之八：明星基金经理业绩分析之，兴全董承非,朱剑涛，邱蕊,12p,816
2020-06-14,光大证券,光大证券金融工程行业轮动系列研究之中观篇：估值、盈利双轮驱动,董天韵，刘均伟,17p,817
2019-10-30,华泰证券,华泰证券兼谈人工智能主题指数及其投资价值分析：抢滩登陆，把握人工智能热潮,林晓明，陈烨,23p,818
2017-08-29,中信证券,中信证券量化选股系列专题研究：多因子模型构建中的组合优化与风险预算研究,王兆宇，赵文荣，李祖苑，张依文,33p,819
2019-05-22,国盛证券,国盛证券量化专题报告：银行行业基本面量化——择时与选股,段伟良，刘富兵,19p,820
2018-02-07,财通证券,财通证券转债定价专题研究（2）：细节决定成败,陶勤英,16p,821
2018-09-18,财通证券,财通证券金工点评：如何使用RV进行波动率择时？,陶勤英,24p,822
2017-02-14,方正证券,方正证券“有温度的量化择时”系列研究（一）：情绪温度计，趋同度择时的新视角,高子剑,10p,823
2017-11-22,中信证券,中信证券金融衍生品与量化策略研讨会：从多因子出发的量化对冲策略PPT,王兆宇，赵文荣，李祖苑，张依文,34p,824
2018-01-22,天风证券,天风证券量化选股策略跟踪：戴维斯双击、长线金股调仓,吴先兴,7p,825
2018-07-06,渤海证券,渤海证券期权策略专题报告之三：基于方向性择时信号的期权买方投资策略,崔健，李元玮,20p,826
2019-11-10,方正证券,方正证券基金研究系列之一：如何识别权益基金的投资目标,宋家骥，,18p,827
2019-06-27,财通证券,财通证券波动率专题报告之二：随波而动，波动率趋势择时策略,陶勤英,19p,828
2016-10-11,中信建投,中信建投公募FOF新观察：产品、规则、策略全解析,王赟杰，丁鲁明,33p,829
2016-03-21,国信证券,国信证券单向波动率差值择时之三：基于成分股波动率差值指数择时,黄志文，吴子昱,14p,830
2020-07-14,华安证券,华安证券“学海拾珠”系列之一：波动率如何区分好坏？,严佳炜，,21p,831
2012-08-31,光大证券,算法交易：均值方差模型,倪蕴韬，刘道明,11p,832
2017-06-02,天风证券,天风证券主力合约换月移仓事件策略：国债期货跨期价差交易,吴先兴,12p,833
2018-11-09,银河证券,银河证券多因子系列：因子投资手册（五）,吴俊鹏,32p,834
2016-04-06,方正证券,方正证券“特立独行”异动股票的事件研究：寻一只特立独行的票,魏建榕，高子剑,10p,835
2019-07-15,东方证券,东方证券FOF系列研究之六：明星基金经理业绩分析之，中欧周蔚文,朱剑涛，邱蕊,12p,836
2020-02-24,光大证券,光大证券多因子系列报告之三十：有息负债，解读企业杠杆的选股信息,古翔，周萧潇，刘均伟,18p,837
2017-05-03,华泰证券,华泰证券金工择时系列研究：华泰风险收益一致性择时模型,林晓明,20p,838
2020-10-28,华泰证券,华泰证券行业轮动系列报告之十三：不同协方差估计方法对比分析（二）,林晓明，李聪，韩晳,24p,839
2018-03-16,中泰证券,中泰证券行业内选股系列研究之一：量化选股因子整体失效了？,唐军,18p,840
2018-10-15,财通证券,财通证券金工点评：利用IH基差与波动率溢价择时是否有效？,陶勤英,25p,841
2019-08-31,华宝证券,华宝证券金融工程专题报告：A股多维度量化择时系统构建与回测,张青，李亭函,15p,842
2010-02-01,国信证券,宏观因子量化投资应用系列之一：A股宏观风险因子筛选与选股策略,程景佳，董艺婷，葛新元,20p,843
2020-03-13,东莞证券,东莞证券金融工程研究系列之期权专题报告：股票期权对冲策略研究与对比（一）,费小平，岳佳杰,9p,844
2016-07-07,爱建证券,爱建证券量化策略研究之二：六根K线击败市场,朱志勇,46p,845
2019-05-06,光大证券,光大证券多因子系列报告之二十一：业绩趋势因子，捕捉业绩加速增长的超额收益,刘均伟，周萧潇,22p,846
2019-02-28,东方证券,东方证券《因子选股系列研究之五十一》：适宜快节奏的年报公告季,朱剑涛,16p,847
2020-05-29,光大证券,光大证券基金产品介绍与分析系列之五十：易方达瑞选，绝对收益思路打新增强产品，夏普比率体现高性价比,刘均伟,16p,848
2019-12-05,申港证券,申港证券金融工程专题报告：基于行业择时策略的层次化选股,曹旭特,34p,849
2020-06-09,西部证券,西部证券大类资产配置报告系列之五：疫情冲击与政策对冲下的黄金投资价值,王红兵,27p,850
2019-09-17,招商证券,招商证券股指期货对冲成本分析与动态换仓策略（2019-09-17）,任瞳，高智威,16p,851
2019-07-18,方正证券,方正证券“拾贝”市场研究笔记11：当“价值投资”遇上“指数投资”，沪深300价值指数的魅力,朱定豪,20p,852
2016-07-05,中信证券,中信证券股指期货专题研究：跨期价差分析与跨期套利研究,王兆宇，赵文荣,38p,853
2017-09-03,天风证券,天风证券金工专题报告：国债期货套期保值实证,,18p,854
2018-08-03,东方证券,东方证券因子选股系列研究之四十二：上市公司业绩预告信息研究,朱剑涛,16p,855
2017-04-26,东方证券,东方证券因子选股系列研究之二十五：多因子模型在港股中的应用,朱剑涛,19p,856
2011-06-15,光大证券,2011年中期金融工程投资策略专题：宏观因子择时分析方法,刘道明，于栋华，张美云,24p,857
2019-08-19,东方证券,东方证券FOF系列研究之十二：明星基金经理业绩分析之，交银施罗德何帅,朱剑涛，邱蕊,11p,858
2021-01-18,华泰证券,华泰证券人工智能系列之四十一：基于BERT的分析师研报情感因子,林晓明，李子钰，何康,24p,859
2019-11-13,浙商证券,浙商证券【指数复制（一）】：何必ETF？——一种少量股票复制指数且有超额收益的策略,包赞,6p,860
2022-02-10,华泰证券,华泰证券金工深度研究：绝对收益策略基金业绩归因与评价,林晓明，黄晓彬，张泽，刘依苇,44p,861
2012-09-14,光大证券,多因子研究系列（五）：动量类因子测试,于栋华，刘道明,67p,862
2018-03-29,中信建投,中信建投金融工程海外文献精选推荐矿海拾趣（第2期）（2018-03-29）,丁鲁明,15p,863
2019-09-11,东吴证券,东吴证券资产管理扬帆起航系列报告：主动基金的中国优势,高子剑，沈芷琦,22p,864
2020-02-08,招商证券,招商证券#银行理财子公司产品布局及投资策略分析(产品篇),招商定量任瞳团队,,865
2019-10-12,华宝证券,华宝证券金融工程专题报告：行业景气度的量化前瞻，基于财务指标的视角,张青，余景辉,11p,866
2019-08-08,天风证券,天风证券附科创板打新受益基金推荐清单：利用新股申购信息估计基金最新规模,吴先兴,5p,867
2019-08-07,华创证券,华创证券金融工程专题报告：小隐于野大隐于市，低波因子的进阶,陈杰，王小川,30p,868
2017-11-17,中信证券,中信证券多因子量化选股系列专题研究：多因子模型构建中的组合优化与风险预算研究,王兆宇，赵文荣，李祖苑，张依文,19p,869
2020-01-10,东吴证券,东吴证券金工专题报告，择时专题研究：短线择时模型，Easy择时,高子剑，沈芷琦,9p,870
2019-12-28,开源证券,开源证券市场微观结构研究系列（2）：交易行为因子的2019年,魏建榕,10p,871
2016-10-12,中信建投,中信建投大数据研究体系之择时篇：基于新闻热度的多空策略,丁鲁明，喻银尤,16p,872
2017-04-09,东方证券,东方证券因子选股系列研究之二十三：反转因子失效市场下的量化策略应对,朱剑涛,13p,873
2020-09-22,华泰证券,华泰证券人工智能系列之三十六：相对生成对抗网络RGAN实证,林晓明，李子钰，何康,38p,874
2019-07-31,申港证券,申港证券金融工程专题报告：超越大盘的指数择时系统初探,曹旭特,10p,875
2019-09-17,财通证券,财通证券期权小课堂（5）：如何利用基差贴水套利？,陶勤英,12p,876
2018-10-19,银河证券,银河证券多因子系列：多因子模型体系之因子组合的确定,黎鹏,15p,877
2018-01-26,上海东证期货,上海东证期货金融工程专题报告：行业板块与策略风格因子的探索（2018-01-26）,李晓辉,28p,878
2018-12-02,东方证券,东方证券量化策略研究系列之一：A股是估值驱动还是盈利驱动？,朱剑涛,8p,879
2018-11-04,光大证券,光大证券多因子系列报告之十七：券以质取胜，EBQC综合质量因子详解,周萧潇，刘均伟,25p,880
2017-03-09,中信建投,中信建投大数据研究之三：新闻情绪选股的多空差策略,丁鲁明，喻银尤,19p,881
2018-09-21,华创证券,华创证券专题报告：“十倍股”的研究,陈杰，王小川,27p,882
2020-11-12,中信证券,中信证券2021年组合配置策略：迈入基金组合的新阶段,刘方，赵文荣，厉海强，王兆宇，朱必远,45p,883
2019-11-22,西部证券,西部证券因子研究系列专题：量化和主动对选股因子相关性的考量,王红兵,22p,884
2020-07-24,华宝证券,华宝证券金融工程专题报告：基于因子的资产配置，思路、方法及运用,张青，贾依廷,12p,885
2020-02-18,渤海证券,渤海证券衍生品专题报告：隐含波动率曲面模型梳理,祝涛,20p,886
2017-05-14,方正证券,方正证券期权专题研究：SKEW指数，捕捉市场黑天鹅,高子剑,16p,887
2019-03-25,民生证券,民生证券文献启示录（第4期）：多视角解析市值因子择时,徐玉宁，王西之,7p,888
2019-06-16,光大证券,光大证券开放式基金仓位测算报告：从基金仓位的变化观察市场情绪,刘均伟，周萧潇,24p,889
2019-12-24,华泰证券,华泰证券Smart Beta系列之三：投资优质股票，红利类Smart Beta,林晓明，陈烨，李子钰,26p,890
2020-11-03,中银证券,中银证券量化权益投资系列报告（二）：有关Barra中国权益CNE5模型的思考（上）,郭军,14p,891
2017-12-29,渤海证券,渤海证券多因子模型研究之二：收益预测模型,宋旸，李莘泰,21p,892
2019-06-20,浙商证券,浙商证券【人工智能系列3】：上证50指数增强,包赞,6p,893
2019-10-18,招商证券,招商证券“琢璞”系列报告之一：行业动量源于因子动量？,任瞳，,11p,894
2017-12-31,招商证券,招商证券因子模型系列之二：市值类因子有效性剖析,叶涛，,25p,895
2016-12-05,国海证券,国海证券多因子模型系列报告之三：新瓶装旧酒因子焕新颜,代鹏举,25p,896
2017-11-17,华宝证券,华宝证券金融工程专题报告：B-L模型的鲁棒性优化及其在大类资产与行业配置中的运用,张青，李亭函,12p,897
2016-08-22,兴业研究,兴业研究股指期货系列报告：上证50反向期现套利策略,李冠澎，万凝,15p,898
2018-05-10,华创证券,华创证券金工CTA系列专题报告（一）：持仓博弈异常信号的挖掘,陈杰，王小川,55p,899
2018-01-22,天风证券,天风证券潜伏系列之六：季节性盈利异象带来的意外收益,吴先兴,16p,900
2020-08-31,光大证券,光大证券科技金融系列报告之二：蚂蚁集团招股说明书解读，金融为体，科技为用,王一峰,61p,901
2017-12-19,中信证券,中信证券主题量化投资策略：基于随机森林的择时对冲方法,李祖苑，赵文荣，王兆宇，张依文,29p,902
2022-01-06,中信证券,中信证券另类策略与结构化产品系列：收益互换新规及场外衍生品发展展望,马普凡，赵文荣，王兆宇，赵乃乐，汪洋,23p,903
2019-02-23,方正证券,方正证券“拾贝”市场研究笔记2：美股动量/反转的消亡史,韩振国,9p,904
2019-07-26,方正证券,方正证券“聚沙成塔”创新产品系列7：借道ETF参与科创板打新的始末,朱定豪,11p,905
2010-04-06,国信证券,程序化交易专题报告系列之二：在高频数据中挖掘交易机会,黄志文，葛新元,12p,906
2018-10-27,华宝证券,华宝证券金融工程专题报告：基于择时与绝对收益视角的行业配置策略,张青，贾依廷,13p,907
2019-12-02,中信建投,中信建投金融工程研究：技术形态选股研究之二，基于相对k线波段划分的反转形态选股,丁鲁明，段潇儒,16p,908
2018-03-09,安信证券,安信证券机器学习与量化投资：避不开的那些事（2）,杨勇，周袤,15p,909
2018-12-28,银河证券,银河证券多因子系列：基于多因子框架的收益预测模型,黎鹏,14p,910
2019-12-06,中信证券,中信证券资产配置专题系列：资产配置的模型化探索,刘方,28p,911
2019-06-06,东海证券,东海证券金融工程专题报告：基于价格的动量因子构建和研究,郑朝阳,37p,912
2017-08-24,天风证券,天风证券海外文献推荐第13期（2017-08-22）,吴先兴,22p,913
2020-07-21,华泰证券,华泰证券嘉实ESG评分体系数据质量和选股能力分析：利器助良工，嘉实ESG评分体系,林晓明，陈烨，李子钰,23p,914
2018-03-07,中信证券,中信证券多因子量化选股系列专题研究：价值与成长维度的多因子选股逻辑,王兆宇，赵文荣，李祖苑，张依文,25p,915
2018-06-20,中信证券,中信证券财富管理时代的衍生工具与量化策略专题：股指期货市场运行总结与对冲成本分析,赵文荣，王兆宇，张依文，李祖苑，顾晟曦,28p,916
2021-03-29,华宝证券,华宝证券金融工程专题报告：CTA策略，该如何配置？——基于因子的视角,张青，余景辉,12p,917
2019-01-31,中信建投,中信建投量化基本面深度专题：如何提前预测商誉减值大拐点？,丁鲁明，郭彦辉,17p,918
2020-05-29,财通证券,财通证券公募FOF基金一季报分析：公募FOF如何配置资产？,陶勤英，郭小川,14p,919
2018-12-02,东方证券,东方证券量化策略研究系列之二：产业链与公司股价关联,朱剑涛,16p,920
2018-03-11,东吴证券,东吴证券可转债研究系列（三）：析土掘金，探寻转债价值洼地,高子剑，姚育婷,16p,921
2017-03-26,华安证券,华安证券定向增发专题研究（一）：基于定增股票池的因子选股,宫模恒,22p,922
2016-03-21,国信证券,国信证券单向波动率差值择时之二：RPS分级靠档减少交易频率,黄志文，吴子昱,14p,923
2016-08-26,东方证券,东方证券《因子选股系列研究之十一》：资金规模对策略收益的影响,朱剑涛,29p,924
2012-09-14,光大证券,多因子研究系列（二）：价值类因子测试,于栋华，刘道明,66p,925
2016-05-30,国信证券,国信证券单向波动率差值研究：单向波动差值实现绝对收益,黄志文,18p,926
2019-12-02,东吴证券,东吴证券资产管理扬帆起航系列报告：基金业绩与规模增长的秘密,高子剑，沈芷琦,17p,927
2020-04-29,华泰证券,华泰证券黄金定价基础：市场构成及参与者，伦敦现货金、纽约期货金，沪港采用本币克两计价,林晓明，黄晓彬,22p,928
2020-09-14,国盛证券,国盛证券#【国盛量化】资产配置的四种范式:赔率、胜率、趋势与拥挤度 | 量化专题报告,留富兵法,,929
2019-08-19,华泰证券,华泰证券指数基金参与转融券可稳增收益：转融通新政对基金参与证券出借的影响,林晓明，黄晓彬,8p,930
2020-09-13,国盛证券,国盛证券多因子系列之十四：刻画财报信息质量,刘富兵，李林井,24p,931
2019-08-06,东方证券,东方证券FOF系列研究之十一明星基金经理业绩分析之：景顺长城刘彦春,朱剑涛，邱蕊,12p,932
2020-08-21,光大证券,光大证券资产配置定量研究系列之十：海外资产配置前沿理论对于国内市场有何借鉴？,刘均伟，周萧潇,31p,933
2020-09-17,开源证券,开源证券市场微观结构研究系列（10）：因子切割论,魏建榕,8p,934
2020-03-24,财通证券,财通证券“拾穗”多因子系列报告（第20期）：微观市场结构研究，如何度量股市流动性？,陶勤英，,14p,935
2018-01-29,方正证券,方正证券停牌套利专题：一鱼或能两吃，再论乐视网套利,韩振国,7p,936
2020-03-18,光大证券,光大证券创新与养老产品研究系列之五：新加坡资管行业启明星，淡马锡和新加坡政府投资公司的投资之道,邓虎,28p,937
2019-02-11,中信证券,中信证券指数研究与指数投资专题：指数基金布局分析与投资图谱,张依文，赵文荣，王兆宇，顾晟曦，厉海强,31p,938
2019-07-08,东吴证券,东吴证券金工专题报告 ：投资ETF，比管理费更重要的事,高子剑，张翔,19p,939
2019-01-14,浙商证券,浙商证券2018主动股票型基金业绩总览（2019-01-14）,包赞,12p,940
2017-12-11,天风证券,天风证券金工专题报告：对比效应对超预期事件的增强策略,吴先兴,16p,941
2020-04-10,光大证券,光大证券金融工程 多因子系列报告之三十一：专利数据中有哪些Alpha？,周萧潇，刘均伟,23p,942
2020-08-10,西部证券,西部证券大类资产配置专题六：互联网基金组合与公募FOF的博弈,王红兵,33p,943
2018-07-06,渤海证券,渤海证券期权策略专题报告之四：期权卖方投资策略的合约期限选择与风险管理研究,崔健，李元玮,14p,944
2020-04-26,天风证券,天风证券金工专题报告：“双鑫”ETF组合策略构建简介,吴先兴,7p,945
2020-04-14,浙商证券,浙商证券【基金研究系列（五）】：绝对收益典范——量化剖析“英睿”投资,包赞，王小青,13p,946
2019-04-08,光大证券,光大证券FOF专题系列报告之十二：规模陷阱，大规模基金长期稳定跑输小基金,邓虎,23p,947
2019-03-19,方正证券,方正证券“拾贝”市场研究笔记9：牛市的特征3，小单净买入，大单净卖出加剧,杨仁文,8p,948
2019-07-17,财通证券,财通证券期权小课堂第3期：北上资金的择时能力如何？,陶勤英,20p,949
2017-11-23,光大证券,光大证券对冲基金现状及展望：不拘一格，砥砺前行,蒋俊阳,26p,950
2017-11-28,海通证券,海通证券金融工程专题报告FICC系列研究之七：基于海内外期货持仓报告的CTA交易策略（上）,冯佳睿,24p,951
2016-08-01,西南证券,西南证券美国共同基金FOF数据解析：公募FOF正蓄势，解析美国看未来,黄仕川,16p,952
2017-09-06,银河证券,银河证券量化策略：大小盘风格轮动，基于公募基金的偏好,朱人木,32p,953
2019-01-09,天风证券,天风证券海外文献推荐第70期（2019-01-09）,吴先兴,6p,954
2016-11-30,银河证券,银河证券金工FOF系列之八：固定收益类基金投资策略,朱人木，王红兵,41p,955
2020-07-28,东莞证券,东莞证券量化专题报告：相似k线知多少,包冬青,12p,956
2018-02-08,天风证券,天风证券海外文献推荐第28期（2018-02-07）,吴先兴,22p,957
2016-05-19,西南证券,西南证券事件驱动系列：基于沪深300成分股分红的期现套利策略研究,黄仕川,17p,958
2021-07-22,光大证券,光大证券量化选股系列报告之一：单因子组合优化在指数增强策略中的应用,祁嫣然,29p,959
2020-09-05,开源证券,开源证券市场微观结构研究系列（9）：主动买卖因子的正确用法,魏建榕，傅开波,12p,960
2011-09-21,华泰证券,多因子选股策略（2011-09-21）,魏刚,24p,961
2017-03-10,中信建投,中信建投金融工程报告：从配置资产到配置风险，融合多策略的资产配置框架,丁鲁明,33p,962
2019-08-09,财通证券,财通证券转债定价专题研究（3）：转债估值面面观之绝对估值,陶勤英,18p,963
2019-02-17,方正证券,方正证券“拾贝”市场研究笔记1：市场的脉搏，动量/反转的周期,韩振国,14p,964
2017-05-15,国信证券,国信证券单向波动差值择时之五：基于幅度过滤等方式的交易频率改进,黄志文,34p,965
2018-02-24,安信证券,安信证券机器学习与量化投资：避不开的那些事（1）,杨勇，周袤,20p,966
2019-08-01,天风证券,天风证券黄金如何进行择时？（2019-08-01）,吴先兴,12p,967
2018-05-31,东兴证券,东兴证券多因子模型：成长因子在不同月份和年份的有效性检测,杨若木,55p,968